-- phpMyAdmin SQL Dump
-- version 4.2.11
-- http://www.phpmyadmin.net
--
-- Host: 127.0.0.1
-- Generation Time: May 28, 2015 at 05:22 PM
-- Server version: 5.6.21
-- PHP Version: 5.6.3

SET SQL_MODE = "NO_AUTO_VALUE_ON_ZERO";
SET time_zone = "+00:00";


/*!40101 SET @OLD_CHARACTER_SET_CLIENT=@@CHARACTER_SET_CLIENT */;
/*!40101 SET @OLD_CHARACTER_SET_RESULTS=@@CHARACTER_SET_RESULTS */;
/*!40101 SET @OLD_COLLATION_CONNECTION=@@COLLATION_CONNECTION */;
/*!40101 SET NAMES utf8 */;

--
-- Database: `4gdroppedcalls`
--

-- --------------------------------------------------------

--
-- Table structure for table `event_cause`
--

CREATE TABLE IF NOT EXISTS `event_cause` (
  `Cause_Code` int(5) NOT NULL,
  `Event_Id` int(5) NOT NULL,
  `Description` varchar(255) NOT NULL
) ENGINE=InnoDB DEFAULT CHARSET=latin1;

--
-- Dumping data for table `event_cause`
--

INSERT INTO `event_cause` (`Cause_Code`, `Event_Id`, `Description`) VALUES
(0, 4097, 'RRC CONN SETUP-SUCCESS'),
(1, 4097, 'RRC CONN SETUP-UNSPECIFIED'),
(2, 4097, 'RRC CONN SETUP-FAILURE IN RADIO PROCEDURE'),
(3, 4097, 'RRC CONN SETUP-EUTRAN GENERATED REASON'),
(4, 4097, 'RRC CONN SETUP-CELL UNAVAILABLE'),
(5, 4097, 'RRC CONN SETUP-LACK OF RESOURCES'),
(6, 4097, 'RRC CONN SETUP-ACTIVE USER LICENSE EXCEEDED'),
(7, 4097, 'RRC CONN SETUP-UNKNOWN ENBS1APID'),
(8, 4097, 'RRC CONN SETUP-UE CAPABILITY ENQUIRY TIMEOUT'),
(9, 4097, 'RRC CONN SETUP-S1 INTERFACE DOWN'),
(10, 4097, 'RRC CONN SETUP-INTRA LTE HANDOVER LICENSE REJECT'),
(11, 4097, 'RRC CONN SETUP-REJECT DUE TO REATTEMPT'),
(12, 4097, 'RRC CONN SETUP-REJECT DUE TO OVERLOAD'),
(13, 4097, 'RRC CONN SETUP-UE BEARERS REJECTED DUE TO ARP ADM REJ'),
(14, 4097, 'RRC CONN SETUP-UE BEARERS REJECTED DUE TO LICENSES MISSING'),
(15, 4097, 'RRC CONN SETUP-UE BEARERS REJECTED DUE TO ARP ADM REJ AND LICENSES MISSING'),
(16, 4097, 'RRC CONN SETUP-DSP RESTART'),
(0, 4098, 'S1 SIG CONN SETUP-SUCCESS'),
(1, 4098, 'S1 SIG CONN SETUP-S1 INTERFACE DOWN'),
(2, 4098, 'S1 SIG CONN SETUP-TIME OUT'),
(3, 4098, 'S1 SIG CONN SETUP-DSP RESTART'),
(0, 4125, 'UE CTXT RELEASE-UNSPECIFIED'),
(1, 4125, 'UE CTXT RELEASE-NORMAL RELEASE'),
(2, 4125, 'UE CTXT RELEASE-AUTHENTICATION FAILURE'),
(3, 4125, 'UE CTXT RELEASE-DETACH'),
(4, 4125, 'UE CTXT RELEASE-LOAD BALANCING TAU REQUIRED'),
(5, 4125, 'UE CTXT RELEASE-CS FALLBACK TRIGGERED'),
(6, 4125, 'UE CTXT RELEASE-UE NOT AVAILABLE FOR PS SERVICES'),
(7, 4125, 'UE CTXT RELEASE-HANDOVER CANCELLED'),
(8, 4125, 'UE CTXT RELEASE-SUCCESSFUL HANDOVER'),
(9, 4125, 'UE CTXT RELEASE-RELEASE DUE TO EUTRAN GENERATED REASON'),
(10, 4125, 'UE CTXT RELEASE-USER INACTIVITY'),
(11, 4125, 'UE CTXT RELEASE-RADIO CONNECTION WITH UE LOST'),
(12, 4125, 'UE CTXT RELEASE-RADIO RESOURCES NOT AVAILABLE'),
(13, 4125, 'UE CTXT RELEASE-FAILURE IN THE RADIO INTERFACE PROCEDURE'),
(14, 4125, 'UE CTXT RELEASE-TRANSPORT RESOURCES UNAVAILABLE'),
(15, 4125, 'UE CTXT RELEASE-HANDOVER TRIGGERED'),
(16, 4125, 'UE CTXT RELEASE-PARTIAL HANDOVER'),
(17, 4125, 'UE CTXT RELEASE-HANDOVER FAILURE IN TARGET EPC ENB OR TARGET SYSTEM'),
(18, 4125, 'UE CTXT RELEASE-HANDOVER TARGET NOT ALLOWED'),
(19, 4125, 'UE CTXT RELEASE-TS1RELOC OVERALL EXPIRY'),
(20, 4125, 'UE CTXT RELEASE-TS1RELOC PREP EXPIRY'),
(21, 4125, 'UE CTXT RELEASE-UNKNOWN TARGET ID'),
(22, 4125, 'UE CTXT RELEASE-NO RADIO RESOURCES AVAILABLE IN TARGET CELL'),
(23, 4125, 'UE CTXT RELEASE-UNKNOWN OR ALREADY ALLOCATED MME UE S1AP ID'),
(24, 4125, 'UE CTXT RELEASE-UNKNOWN OR ALREADY ALLOCATED ENB UE S1AP ID'),
(25, 4125, 'UE CTXT RELEASE-UNKNOWN OR INCONSISTENT PAIR OF UE S1AP ID'),
(26, 4125, 'UE CTXT RELEASE-HANDOVER DESIRABLE FOR RADIO REASONS'),
(27, 4125, 'UE CTXT RELEASE-TIME CRITICAL HANDOVER'),
(28, 4125, 'UE CTXT RELEASE-RESOURCE OPTIMISATION HANDOVER'),
(29, 4125, 'UE CTXT RELEASE-REDUCE LOAD IN SERVING CELL'),
(30, 4125, 'UE CTXT RELEASE-TX2RELOC OVERALL EXPIRY'),
(31, 4125, 'UE CTXT RELEASE-CELL NOT AVAILABLE'),
(32, 4125, 'UE CTXT RELEASE-REDIRECTION TOWARDS 1XRTT'),
(33, 4125, 'UE CTXT RELEASE-ENCRYPTION AND OR INTEGRITY ALGORITHMS NOT SUPPORTED'),
(0, 4106, 'INITIAL CTXT SETUP-SUCCESS'),
(1, 4106, 'INITIAL CTXT SETUP-UNSPECIFIED'),
(2, 4106, 'INITIAL CTXT SETUP-FAILURE IN RADIO PROCEDURE'),
(3, 4106, 'INITIAL CTXT SETUP-EUTRAN GENERATED REASON'),
(4, 4106, 'INITIAL CTXT SETUP-CELL UNAVAILABLE'),
(5, 4106, 'INITIAL CTXT SETUP-LACK OF RESOURCES'),
(6, 4106, 'INITIAL CTXT SETUP-ACTIVE USER LICENSE EXCEEDED'),
(7, 4106, 'INITIAL CTXT SETUP-UNKNOWN ENBS1APID'),
(8, 4106, 'INITIAL CTXT SETUP-UE CAPABILITY ENQUIRY TIMEOUT'),
(9, 4106, 'INITIAL CTXT SETUP-MULTIPLE ERAB LICENSE EXCEEDED'),
(10, 4106, 'INITIAL CTXT SETUP-ONGOING HANDOVER'),
(11, 4106, 'INITIAL CTXT SETUP-TRANSPORT REJECT'),
(12, 4106, 'INITIAL CTXT SETUP-DRB SETUP REJECT'),
(13, 4106, 'INITIAL CTXT SETUP-S1 INTERFACE DOWN'),
(14, 4106, 'INITIAL CTXT SETUP-ALLOCATION RETENTION REJECT'),
(15, 4106, 'INITIAL CTXT SETUP-TO SECURITY SETUP'),
(16, 4106, 'INITIAL CTXT SETUP-FAILED SECURITY SETUP'),
(17, 4106, 'INITIAL CTXT SETUP-SRB2 SETUP FAILURE'),
(18, 4106, 'INITIAL CTXT SETUP-RLCUM LICENSE MISSING'),
(19, 4106, 'INITIAL CTXT SETUP-RLCUM CHANGE REJECT'),
(20, 4106, 'INITIAL CTXT SETUP-LSM EMERGENCY CALL LICENSE MISSING'),
(21, 4106, 'INITIAL CTXT SETUP-CIPHERING INTEGRITY ALG MISMATCH'),
(22, 4106, 'INITIAL CTXT SETUP-CSFB LICENSE MISSING'),
(23, 4106, 'INITIAL CTXT SETUP-DSP RESTART'),
(24, 4106, 'INITIAL CTXT SETUP-CSFB UNDEFINED MOB FREQ REL');

-- --------------------------------------------------------

--
-- Table structure for table `failure_class`
--

CREATE TABLE IF NOT EXISTS `failure_class` (
  `Failure_Class` int(5) NOT NULL,
  `Description` varchar(255) NOT NULL
) ENGINE=InnoDB DEFAULT CHARSET=latin1;

--
-- Dumping data for table `failure_class`
--

INSERT INTO `failure_class` (`Failure_Class`, `Description`) VALUES
(0, 'EMERGENCY'),
(1, 'HIGH PRIORITY ACCESS'),
(2, 'MT ACCESS'),
(3, 'MO SIGNALLING'),
(4, 'MO DATA');

-- --------------------------------------------------------

--
-- Table structure for table `mcc_mnc`
--

CREATE TABLE IF NOT EXISTS `mcc_mnc` (
  `MCC` int(10) DEFAULT NULL,
  `MNC` int(10) NOT NULL,
  `Country` varchar(255) NOT NULL,
  `Operator` varchar(255) NOT NULL
) ENGINE=InnoDB DEFAULT CHARSET=latin1;

--
-- Dumping data for table `mcc_mnc`
--

INSERT INTO `mcc_mnc` (`MCC`, `MNC`, `Country`, `Operator`) VALUES
(238, 1, 'Denmark', 'TDC-DK'),
(238, 2, 'Denmark', 'Sonofon DK '),
(238, 3, 'Denmark', 'MIGway A/S DK '),
(240, 1, 'Sweden', 'Telia Sonera-SE'),
(240, 2, 'Sweden', 'H3G-SE'),
(240, 3, 'Sweden', 'AINMT Sverige AB SE '),
(240, 20, 'Sweden', 'iMEZ AB SE '),
(240, 21, 'Sweden', 'Banverket SE '),
(302, 36, 'Canada', 'Clearnet CA '),
(302, 37, 'Canada', 'Microcell CA '),
(302, 62, 'Canada', 'Ice Wireless CA '),
(302, 63, 'Canada', 'Aliant Mobility CA '),
(310, 10, 'United States of America', 'Verizon Wireless'),
(310, 12, 'United States of America', 'Verizon Wireless'),
(310, 13, 'United States of America', 'Verizon Wireless'),
(310, 540, 'United States of America', 'Oklahoma Western Telephone Company US '),
(310, 550, 'United States of America', 'Wireless Solutions International US '),
(310, 560, 'United States of America', 'AT&T Mobility'),
(310, 570, 'United States of America', 'MTPCS LLC US '),
(310, 580, 'United States of America', 'Inland Cellular Telephone Company US '),
(310, 590, 'United States of America', 'Verizon Wireless'),
(340, 1, 'Guadeloupe-France', 'Orange-Caraibe'),
(340, 2, 'Guadeloupe-France', 'Outremer Telecom GP '),
(340, 3, 'Guadeloupe-France', 'Saint Martin et Saint Barthelemy Telcell Sarl GP '),
(344, 30, 'Antigua and Barbuda', 'APUA PCS AG '),
(344, 920, 'Antigua and Barbuda', 'Cable & Wireless-Antigua AG '),
(344, 930, 'Antigua and Barbuda', 'AT&T Wireless-Antigua AG '),
(405, 0, 'India', 'Shyam Telelink Ltd-Rajasthan IN '),
(405, 1, 'India', 'Reliance Infocomm-IN'),
(405, 3, 'India', 'Reliance Infocomm-IN'),
(405, 4, 'India', 'Reliance Infocomm-IN'),
(405, 5, 'India', 'Reliance Infocomm-IN'),
(440, 9, 'Japan', 'NTT DoCoMo'),
(440, 10, 'Japan', 'NTT DoCoMo'),
(440, 11, 'Japan', 'NTT DoCoMo'),
(505, 62, 'Australia', 'NBNCo Ltd AU '),
(505, 68, 'Australia', 'NBNCo Ltd AU '),
(505, 71, 'Australia', 'Telstra'),
(505, 72, 'Australia', 'Telstra'),
(505, 88, 'Australia', 'Localstar Holding Pty. Ltd. AU '),
(505, 90, 'Australia', 'Optus Ltd. AU ');

-- --------------------------------------------------------

--
-- Table structure for table `sampledata`
--

CREATE TABLE IF NOT EXISTS `sampledata` (
  `Date/Time` datetime NOT NULL,
  `Event_Id` int(10) NOT NULL,
  `Failure_Class` int(10) DEFAULT NULL,
  `UE_Type` bigint(30) NOT NULL,
  `Market` int(5) NOT NULL,
  `Operator` int(5) NOT NULL,
  `Cell_Id` int(5) NOT NULL,
  `Duration` int(5) NOT NULL,
  `Cause_Code` int(5) NOT NULL,
  `NE_Version` varchar(5) NOT NULL,
  `IMSI` bigint(30) NOT NULL,
  `HIER3_Id` bigint(30) NOT NULL,
  `HIER32_Id` bigint(30) NOT NULL,
  `HIER321_Id` bigint(30) NOT NULL
) ENGINE=InnoDB DEFAULT CHARSET=latin1;

--
-- Dumping data for table `sampledata`
--

INSERT INTO `sampledata` (`Date/Time`, `Event_Id`, `Failure_Class`, `UE_Type`, `Market`, `Operator`, `Cell_Id`, `Duration`, `Cause_Code`, `NE_Version`, `IMSI`, `HIER3_Id`, `HIER32_Id`, `HIER321_Id`) VALUES
('2013-01-11 17:15:00', 4098, 1, 21060800, 344, 930, 4, 1000, 0, '11B', 344930000000011, 4809532081614990336, 8226896360947470336, 1150444940909479936),
('2013-01-11 17:15:00', 4097, 1, 21060800, 344, 930, 4, 1000, 13, '11B', 344930000000011, 4809532081614990336, 8226896360947470336, 1150444940909479936),
('2013-01-11 17:15:00', 4106, 1, 21060800, 344, 930, 4, 1000, 11, '11B', 344930000000011, 4809532081614990336, 8226896360947470336, 1150444940909479936),
('2013-01-11 17:15:00', 4099, NULL, 21060800, 344, 930, 4, 1000, 0, '11B', 344930000000011, 4809532081614990336, 8226896360947470336, 1150444940909479936),
('2013-01-11 17:15:00', 4125, 0, 21060800, 344, 930, 4, 1000, 23, '11B', 344930000000011, 4809532081614990336, 8226896360947470336, 1150444940909479936),
('2013-01-11 17:16:00', 4098, 1, 33000153, 310, 560, 4, 1000, 0, '11B', 310560000000012, 4809532081614990336, 8226896360947470336, 1150444940909479936),
('2013-01-11 17:16:00', 4097, 1, 33000153, 310, 560, 4, 1000, 12, '11B', 310560000000012, 4809532081614990336, 8226896360947470336, 1150444940909479936),
('2013-01-11 17:16:00', 4106, 1, 33000153, 310, 560, 4, 1000, 11, '11B', 310560000000012, 4809532081614990336, 8226896360947470336, 1150444940909479936),
('2013-01-11 17:16:00', 4099, NULL, 33000153, 310, 560, 4, 1000, 0, '11B', 310560000000012, 4809532081614990336, 8226896360947470336, 1150444940909479936),
('2013-01-11 17:16:00', 4125, 0, 33000153, 310, 560, 4, 1000, 23, '11B', 310560000000012, 4809532081614990336, 8226896360947470336, 1150444940909479936),
('2013-01-11 17:17:00', 4098, 1, 33000253, 240, 21, 4, 1000, 0, '11B', 240210000000013, 4809532081614990336, 8226896360947470336, 1150444940909479936),
('2013-01-11 17:17:00', 4097, 1, 33000253, 240, 21, 4, 1000, 9, '11B', 240210000000013, 4809532081614990336, 8226896360947470336, 1150444940909479936),
('2013-01-11 17:17:00', 4106, 1, 33000253, 240, 21, 4, 1000, 11, '11B', 240210000000013, 4809532081614990336, 8226896360947470336, 1150444940909479936),
('2013-01-11 17:17:00', 4099, NULL, 33000253, 240, 21, 4, 1000, 0, '11B', 240210000000013, 4809532081614990336, 8226896360947470336, 1150444940909479936),
('2013-01-11 17:17:00', 4125, 0, 33000253, 240, 21, 4, 1000, 23, '11B', 240210000000013, 4809532081614990336, 8226896360947470336, 1150444940909479936),
('2013-01-11 17:18:00', 4098, 1, 21060800, 344, 930, 4, 1000, 0, '11B', 344930000000011, 4809532081614990336, 8226896360947470336, 1150444940909479936),
('2013-01-11 17:18:00', 4097, 1, 21060800, 344, 930, 4, 1000, 12, '11B', 344930000000011, 4809532081614990336, 8226896360947470336, 1150444940909479936),
('2013-01-11 17:18:00', 4106, 1, 21060800, 344, 930, 4, 1000, 11, '11B', 344930000000011, 4809532081614990336, 8226896360947470336, 1150444940909479936),
('2013-01-11 17:18:00', 4099, NULL, 21060800, 344, 930, 4, 1000, 0, '11B', 344930000000011, 4809532081614990336, 8226896360947470336, 1150444940909479936),
('2013-01-11 17:18:00', 4125, 0, 21060800, 344, 930, 4, 1000, 23, '11B', 344930000000011, 4809532081614990336, 8226896360947470336, 1150444940909479936),
('2013-01-11 17:19:00', 4098, 1, 33000153, 310, 560, 4, 1000, 0, '11B', 310560000000012, 4809532081614990336, 8226896360947470336, 1150444940909479936),
('2013-01-11 17:19:00', 4097, 1, 33000153, 310, 560, 4, 1000, 12, '11B', 310560000000012, 4809532081614990336, 8226896360947470336, 1150444940909479936),
('2013-01-11 17:19:00', 4106, 1, 33000153, 310, 560, 4, 1000, 11, '11B', 310560000000012, 4809532081614990336, 8226896360947470336, 1150444940909479936),
('2013-01-11 17:19:00', 4099, NULL, 33000153, 310, 560, 4, 1000, 0, '11B', 310560000000012, 4809532081614990336, 8226896360947470336, 1150444940909479936),
('2013-01-11 17:19:00', 4125, 0, 33000153, 310, 560, 4, 1000, 23, '11B', 310560000000012, 4809532081614990336, 8226896360947470336, 1150444940909479936),
('2013-01-11 17:15:00', 4098, 1, 33000253, 240, 21, 4, 1000, 0, '11B', 240210000000013, 4809532081614990336, 8226896360947470336, 1150444940909479936),
('2013-01-11 17:15:00', 4097, 1, 33000253, 240, 21, 4, 1000, 12, '11B', 240210000000013, 4809532081614990336, 8226896360947470336, 1150444940909479936),
('2013-01-11 17:15:00', 4106, 1, 33000253, 240, 21, 4, 1000, 11, '11B', 240210000000013, 4809532081614990336, 8226896360947470336, 1150444940909479936),
('2013-01-11 17:15:00', 4099, NULL, 33000253, 240, 21, 4, 1000, 0, '11B', 240210000000013, 4809532081614990336, 8226896360947470336, 1150444940909479936),
('2013-01-11 17:15:00', 4125, 0, 33000253, 240, 21, 4, 1000, 23, '11B', 240210000000013, 4809532081614990336, 8226896360947470336, 1150444940909479936),
('2013-01-11 17:16:00', 4098, 1, 21060800, 344, 930, 4, 1000, 0, '11B', 344930000000011, 4809532081614990336, 8226896360947470336, 1150444940909479936),
('2013-01-11 17:16:00', 4097, 1, 21060800, 344, 930, 4, 1000, 9, '11B', 344930000000011, 4809532081614990336, 8226896360947470336, 1150444940909479936),
('2013-01-11 17:16:00', 4106, 1, 21060800, 344, 930, 4, 1000, 11, '11B', 344930000000011, 4809532081614990336, 8226896360947470336, 1150444940909479936),
('2013-01-11 17:16:00', 4099, NULL, 21060800, 344, 930, 4, 1000, 0, '11B', 344930000000011, 4809532081614990336, 8226896360947470336, 1150444940909479936),
('2013-01-11 17:16:00', 4125, 0, 21060800, 344, 930, 4, 1000, 23, '11B', 344930000000011, 4809532081614990336, 8226896360947470336, 1150444940909479936),
('2013-01-11 17:17:00', 4098, 1, 33000153, 310, 560, 4, 1000, 0, '11B', 310560000000012, 4809532081614990336, 8226896360947470336, 1150444940909479936),
('2013-01-11 17:17:00', 4097, 1, 33000153, 310, 560, 4, 1000, 13, '11B', 310560000000012, 4809532081614990336, 8226896360947470336, 1150444940909479936),
('2013-01-11 17:17:00', 4106, 1, 33000153, 310, 560, 4, 1000, 11, '11B', 310560000000012, 4809532081614990336, 8226896360947470336, 1150444940909479936),
('2013-01-11 17:17:00', 4099, NULL, 33000153, 310, 560, 4, 1000, 0, '11B', 310560000000012, 4809532081614990336, 8226896360947470336, 1150444940909479936),
('2013-01-11 17:17:00', 4125, 0, 33000153, 310, 560, 4, 1000, 23, '11B', 310560000000012, 4809532081614990336, 8226896360947470336, 1150444940909479936),
('2013-01-11 17:18:00', 4098, 1, 33000253, 240, 21, 4, 1000, 0, '11B', 240210000000013, 4809532081614990336, 8226896360947470336, 1150444940909479936),
('2013-01-11 17:18:00', 4097, 1, 33000253, 240, 21, 4, 1000, 12, '11B', 240210000000013, 4809532081614990336, 8226896360947470336, 1150444940909479936),
('2013-01-11 17:18:00', 4106, 1, 33000253, 240, 21, 4, 1000, 11, '11B', 240210000000013, 4809532081614990336, 8226896360947470336, 1150444940909479936),
('2013-01-11 17:18:00', 4099, NULL, 33000253, 240, 21, 4, 1000, 0, '11B', 240210000000013, 4809532081614990336, 8226896360947470336, 1150444940909479936),
('2013-01-11 17:18:00', 4125, 0, 33000253, 240, 21, 4, 1000, 23, '11B', 240210000000013, 4809532081614990336, 8226896360947470336, 1150444940909479936),
('2013-01-11 17:19:00', 4098, 1, 21060800, 344, 930, 4, 1000, 0, '11B', 344930000000011, 4809532081614990336, 8226896360947470336, 1150444940909479936),
('2013-01-11 17:19:00', 4097, 1, 21060800, 344, 930, 4, 1000, 13, '11B', 344930000000011, 4809532081614990336, 8226896360947470336, 1150444940909479936),
('2013-01-11 17:19:00', 4106, 1, 21060800, 344, 930, 4, 1000, 11, '11B', 344930000000011, 4809532081614990336, 8226896360947470336, 1150444940909479936),
('2013-01-11 17:19:00', 4099, NULL, 21060800, 344, 930, 4, 1000, 0, '11B', 344930000000011, 4809532081614990336, 8226896360947470336, 1150444940909479936),
('2013-01-11 17:19:00', 4125, 0, 21060800, 344, 930, 4, 1000, 23, '11B', 344930000000011, 4809532081614990336, 8226896360947470336, 1150444940909479936),
('2013-01-11 17:20:00', 4098, 1, 21060800, 344, 930, 4, 1000, 0, '11B', 344930000000011, 4809532081614990336, 8226896360947470336, 1150444940909479936),
('2013-01-11 17:20:00', 4097, 1, 21060800, 344, 930, 4, 1000, 13, '11B', 344930000000011, 4809532081614990336, 8226896360947470336, 1150444940909479936),
('2013-01-11 17:20:00', 4106, 1, 21060800, 344, 930, 4, 1000, 11, '11B', 344930000000011, 4809532081614990336, 8226896360947470336, 1150444940909479936),
('2013-01-11 17:20:00', 4099, NULL, 21060800, 344, 930, 4, 1000, 0, '11B', 344930000000011, 4809532081614990336, 8226896360947470336, 1150444940909479936),
('2013-01-11 17:20:00', 4125, 0, 21060800, 344, 930, 4, 1000, 23, '11B', 344930000000011, 4809532081614990336, 8226896360947470336, 1150444940909479936),
('2013-01-11 17:21:00', 4098, 1, 33000153, 310, 560, 4, 1000, 0, '11B', 310560000000012, 4809532081614990336, 8226896360947470336, 1150444940909479936),
('2013-01-11 17:21:00', 4097, 1, 33000153, 310, 560, 4, 1000, 10, '11B', 310560000000012, 4809532081614990336, 8226896360947470336, 1150444940909479936),
('2013-01-11 17:21:00', 4106, 1, 33000153, 310, 560, 4, 1000, 11, '11B', 310560000000012, 4809532081614990336, 8226896360947470336, 1150444940909479936),
('2013-01-11 17:21:00', 4099, NULL, 33000153, 310, 560, 4, 1000, 0, '11B', 310560000000012, 4809532081614990336, 8226896360947470336, 1150444940909479936),
('2013-01-11 17:21:00', 4125, 0, 33000153, 310, 560, 4, 1000, 23, '11B', 310560000000012, 4809532081614990336, 8226896360947470336, 1150444940909479936),
('2013-01-11 17:22:00', 4098, 1, 33000253, 240, 21, 4, 1000, 0, '11B', 240210000000013, 4809532081614990336, 8226896360947470336, 1150444940909479936),
('2013-01-11 17:22:00', 4097, 1, 33000253, 240, 21, 4, 1000, 9, '11B', 240210000000013, 4809532081614990336, 8226896360947470336, 1150444940909479936),
('2013-01-11 17:22:00', 4106, 1, 33000253, 240, 21, 4, 1000, 11, '11B', 240210000000013, 4809532081614990336, 8226896360947470336, 1150444940909479936),
('2013-01-11 17:22:00', 4099, NULL, 33000253, 240, 21, 4, 1000, 0, '11B', 240210000000013, 4809532081614990336, 8226896360947470336, 1150444940909479936),
('2013-01-11 17:22:00', 4125, 0, 33000253, 240, 21, 4, 1000, 23, '11B', 240210000000013, 4809532081614990336, 8226896360947470336, 1150444940909479936),
('2013-01-11 17:23:00', 4098, 1, 21060800, 344, 930, 4, 1000, 0, '11B', 344930000000011, 4809532081614990336, 8226896360947470336, 1150444940909479936),
('2013-01-11 17:23:00', 4097, 1, 21060800, 344, 930, 4, 1000, 10, '11B', 344930000000011, 4809532081614990336, 8226896360947470336, 1150444940909479936),
('2013-01-11 17:23:00', 4106, 1, 21060800, 344, 930, 4, 1000, 11, '11B', 344930000000011, 4809532081614990336, 8226896360947470336, 1150444940909479936),
('2013-01-11 17:23:00', 4099, NULL, 21060800, 344, 930, 4, 1000, 0, '11B', 344930000000011, 4809532081614990336, 8226896360947470336, 1150444940909479936),
('2013-01-11 17:23:00', 4125, 0, 21060800, 344, 930, 4, 1000, 23, '11B', 344930000000011, 4809532081614990336, 8226896360947470336, 1150444940909479936),
('2013-01-11 17:24:00', 4098, 1, 33000153, 310, 560, 4, 1000, 0, '11B', 310560000000012, 4809532081614990336, 8226896360947470336, 1150444940909479936),
('2013-01-11 17:24:00', 4097, 1, 33000153, 310, 560, 4, 1000, 10, '11B', 310560000000012, 4809532081614990336, 8226896360947470336, 1150444940909479936),
('2013-01-11 17:24:00', 4106, 1, 33000153, 310, 560, 4, 1000, 11, '11B', 310560000000012, 4809532081614990336, 8226896360947470336, 1150444940909479936),
('2013-01-11 17:24:00', 4099, NULL, 33000153, 310, 560, 4, 1000, 0, '11B', 310560000000012, 4809532081614990336, 8226896360947470336, 1150444940909479936),
('2013-01-11 17:24:00', 4125, 0, 33000153, 310, 560, 4, 1000, 23, '11B', 310560000000012, 4809532081614990336, 8226896360947470336, 1150444940909479936),
('2013-01-11 17:20:00', 4098, 1, 33000253, 240, 21, 4, 1000, 0, '11B', 240210000000013, 4809532081614990336, 8226896360947470336, 1150444940909479936),
('2013-01-11 17:20:00', 4097, 1, 33000253, 240, 21, 4, 1000, 10, '11B', 240210000000013, 4809532081614990336, 8226896360947470336, 1150444940909479936),
('2013-01-11 17:20:00', 4106, 1, 33000253, 240, 21, 4, 1000, 11, '11B', 240210000000013, 4809532081614990336, 8226896360947470336, 1150444940909479936),
('2013-01-11 17:20:00', 4099, NULL, 33000253, 240, 21, 4, 1000, 0, '11B', 240210000000013, 4809532081614990336, 8226896360947470336, 1150444940909479936),
('2013-01-11 17:20:00', 4125, 0, 33000253, 240, 21, 4, 1000, 23, '11B', 240210000000013, 4809532081614990336, 8226896360947470336, 1150444940909479936),
('2013-01-11 17:21:00', 4098, 1, 21060800, 344, 930, 4, 1000, 0, '11B', 344930000000011, 4809532081614990336, 8226896360947470336, 1150444940909479936),
('2013-01-11 17:21:00', 4097, 1, 21060800, 344, 930, 4, 1000, 13, '11B', 344930000000011, 4809532081614990336, 8226896360947470336, 1150444940909479936),
('2013-01-11 17:21:00', 4106, 1, 21060800, 344, 930, 4, 1000, 11, '11B', 344930000000011, 4809532081614990336, 8226896360947470336, 1150444940909479936),
('2013-01-11 17:21:00', 4099, NULL, 21060800, 344, 930, 4, 1000, 0, '11B', 344930000000011, 4809532081614990336, 8226896360947470336, 1150444940909479936),
('2013-01-11 17:21:00', 4125, 0, 21060800, 344, 930, 4, 1000, 23, '11B', 344930000000011, 4809532081614990336, 8226896360947470336, 1150444940909479936),
('2013-01-11 17:22:00', 4098, 1, 33000153, 310, 560, 4, 1000, 0, '11B', 310560000000012, 4809532081614990336, 8226896360947470336, 1150444940909479936),
('2013-01-11 17:22:00', 4097, 1, 33000153, 310, 560, 4, 1000, 11, '11B', 310560000000012, 4809532081614990336, 8226896360947470336, 1150444940909479936),
('2013-01-11 17:22:00', 4106, 1, 33000153, 310, 560, 4, 1000, 11, '11B', 310560000000012, 4809532081614990336, 8226896360947470336, 1150444940909479936),
('2013-01-11 17:22:00', 4099, NULL, 33000153, 310, 560, 4, 1000, 0, '11B', 310560000000012, 4809532081614990336, 8226896360947470336, 1150444940909479936),
('2013-01-11 17:22:00', 4125, 0, 33000153, 310, 560, 4, 1000, 23, '11B', 310560000000012, 4809532081614990336, 8226896360947470336, 1150444940909479936),
('2013-01-11 17:23:00', 4098, 1, 33000253, 240, 21, 4, 1000, 0, '11B', 240210000000013, 4809532081614990336, 8226896360947470336, 1150444940909479936),
('2013-01-11 17:23:00', 4097, 1, 33000253, 240, 21, 4, 1000, 9, '11B', 240210000000013, 4809532081614990336, 8226896360947470336, 1150444940909479936),
('2013-01-11 17:23:00', 4106, 1, 33000253, 240, 21, 4, 1000, 11, '11B', 240210000000013, 4809532081614990336, 8226896360947470336, 1150444940909479936),
('2013-01-11 17:23:00', 4099, NULL, 33000253, 240, 21, 4, 1000, 0, '11B', 240210000000013, 4809532081614990336, 8226896360947470336, 1150444940909479936),
('2013-01-11 17:23:00', 4125, 0, 33000253, 240, 21, 4, 1000, 23, '11B', 240210000000013, 4809532081614990336, 8226896360947470336, 1150444940909479936),
('2013-01-11 17:24:00', 4098, 1, 21060800, 344, 930, 4, 1000, 0, '11B', 344930000000011, 4809532081614990336, 8226896360947470336, 1150444940909479936),
('2013-01-11 17:24:00', 4097, 1, 21060800, 344, 930, 4, 1000, 10, '11B', 344930000000011, 4809532081614990336, 8226896360947470336, 1150444940909479936),
('2013-01-11 17:24:00', 4106, 1, 21060800, 344, 930, 4, 1000, 11, '11B', 344930000000011, 4809532081614990336, 8226896360947470336, 1150444940909479936),
('2013-01-11 17:24:00', 4099, NULL, 21060800, 344, 930, 4, 1000, 0, '11B', 344930000000011, 4809532081614990336, 8226896360947470336, 1150444940909479936),
('2013-01-11 17:24:00', 4125, 0, 21060800, 344, 930, 4, 1000, 24, '11B', 344930000000011, 4809532081614990336, 8226896360947470336, 1150444940909479936),
('2013-01-11 17:25:00', 4098, 1, 21060800, 344, 930, 4, 1000, 0, '11B', 344930000000011, 4809532081614990336, 8226896360947470336, 1150444940909479936),
('2013-01-11 17:25:00', 4097, 1, 21060800, 344, 930, 4, 1000, 10, '11B', 344930000000011, 4809532081614990336, 8226896360947470336, 1150444940909479936),
('2013-01-11 17:25:00', 4106, 1, 21060800, 344, 930, 4, 1000, 12, '11B', 344930000000011, 4809532081614990336, 8226896360947470336, 1150444940909479936),
('2013-01-11 17:25:00', 4099, NULL, 21060800, 344, 930, 4, 1000, 0, '11B', 344930000000011, 4809532081614990336, 8226896360947470336, 1150444940909479936),
('2013-01-11 17:25:00', 4125, 0, 21060800, 344, 930, 4, 1000, 24, '11B', 344930000000011, 4809532081614990336, 8226896360947470336, 1150444940909479936),
('2013-01-11 17:26:00', 4098, 1, 33000153, 310, 560, 4, 1000, 0, '11B', 310560000000012, 4809532081614990336, 8226896360947470336, 1150444940909479936),
('2013-01-11 17:26:00', 4097, 1, 33000153, 310, 560, 4, 1000, 9, '11B', 310560000000012, 4809532081614990336, 8226896360947470336, 1150444940909479936),
('2013-01-11 17:26:00', 4106, 1, 33000153, 310, 560, 4, 1000, 12, '11B', 310560000000012, 4809532081614990336, 8226896360947470336, 1150444940909479936),
('2013-01-11 17:26:00', 4099, NULL, 33000153, 310, 560, 4, 1000, 0, '11B', 310560000000012, 4809532081614990336, 8226896360947470336, 1150444940909479936),
('2013-01-11 17:26:00', 4125, 0, 33000153, 310, 560, 4, 1000, 24, '11B', 310560000000012, 4809532081614990336, 8226896360947470336, 1150444940909479936),
('2013-01-11 17:27:00', 4098, 1, 33000253, 240, 21, 4, 1000, 0, '11B', 240210000000013, 4809532081614990336, 8226896360947470336, 1150444940909479936),
('2013-01-11 17:27:00', 4097, 1, 33000253, 240, 21, 4, 1000, 11, '11B', 240210000000013, 4809532081614990336, 8226896360947470336, 1150444940909479936),
('2013-01-11 17:27:00', 4106, 1, 33000253, 240, 21, 4, 1000, 12, '11B', 240210000000013, 4809532081614990336, 8226896360947470336, 1150444940909479936),
('2013-01-11 17:27:00', 4099, NULL, 33000253, 240, 21, 4, 1000, 0, '11B', 240210000000013, 4809532081614990336, 8226896360947470336, 1150444940909479936),
('2013-01-11 17:27:00', 4125, 0, 33000253, 240, 21, 4, 1000, 24, '11B', 240210000000013, 4809532081614990336, 8226896360947470336, 1150444940909479936),
('2013-01-11 17:28:00', 4098, 1, 21060800, 344, 930, 4, 1000, 0, '11B', 344930000000011, 4809532081614990336, 8226896360947470336, 1150444940909479936),
('2013-01-11 17:28:00', 4097, 1, 21060800, 344, 930, 4, 1000, 13, '11B', 344930000000011, 4809532081614990336, 8226896360947470336, 1150444940909479936),
('2013-01-11 17:28:00', 4106, 1, 21060800, 344, 930, 4, 1000, 12, '11B', 344930000000011, 4809532081614990336, 8226896360947470336, 1150444940909479936),
('2013-01-11 17:28:00', 4099, NULL, 21060800, 344, 930, 4, 1000, 0, '11B', 344930000000011, 4809532081614990336, 8226896360947470336, 1150444940909479936),
('2013-01-11 17:28:00', 4125, 0, 21060800, 344, 930, 4, 1000, 24, '11B', 344930000000011, 4809532081614990336, 8226896360947470336, 1150444940909479936),
('2013-01-11 17:29:00', 4098, 1, 33000153, 310, 560, 4, 1000, 0, '11B', 310560000000012, 4809532081614990336, 8226896360947470336, 1150444940909479936),
('2013-01-11 17:29:00', 4097, 1, 33000153, 310, 560, 4, 1000, 11, '11B', 310560000000012, 4809532081614990336, 8226896360947470336, 1150444940909479936),
('2013-01-11 17:29:00', 4106, 1, 33000153, 310, 560, 4, 1000, 12, '11B', 310560000000012, 4809532081614990336, 8226896360947470336, 1150444940909479936),
('2013-01-11 17:29:00', 4099, NULL, 33000153, 310, 560, 4, 1000, 0, '11B', 310560000000012, 4809532081614990336, 8226896360947470336, 1150444940909479936),
('2013-01-11 17:29:00', 4125, 0, 33000153, 310, 560, 4, 1000, 24, '11B', 310560000000012, 4809532081614990336, 8226896360947470336, 1150444940909479936),
('2013-01-11 17:25:00', 4098, 1, 33000253, 240, 21, 4, 1000, 0, '11B', 240210000000013, 4809532081614990336, 8226896360947470336, 1150444940909479936),
('2013-01-11 17:25:00', 4097, 1, 33000253, 240, 21, 4, 1000, 10, '11B', 240210000000013, 4809532081614990336, 8226896360947470336, 1150444940909479936),
('2013-01-11 17:25:00', 4106, 1, 33000253, 240, 21, 4, 1000, 12, '11B', 240210000000013, 4809532081614990336, 8226896360947470336, 1150444940909479936),
('2013-01-11 17:25:00', 4099, NULL, 33000253, 240, 21, 4, 1000, 0, '11B', 240210000000013, 4809532081614990336, 8226896360947470336, 1150444940909479936),
('2013-01-11 17:25:00', 4125, 0, 33000253, 240, 21, 4, 1000, 24, '11B', 240210000000013, 4809532081614990336, 8226896360947470336, 1150444940909479936),
('2013-01-11 17:26:00', 4098, 1, 21060800, 344, 930, 4, 1000, 0, '11B', 344930000000011, 4809532081614990336, 8226896360947470336, 1150444940909479936),
('2013-01-11 17:26:00', 4097, 1, 21060800, 344, 930, 4, 1000, 10, '11B', 344930000000011, 4809532081614990336, 8226896360947470336, 1150444940909479936),
('2013-01-11 17:26:00', 4106, 1, 21060800, 344, 930, 4, 1000, 12, '11B', 344930000000011, 4809532081614990336, 8226896360947470336, 1150444940909479936),
('2013-01-11 17:26:00', 4099, NULL, 21060800, 344, 930, 4, 1000, 0, '11B', 344930000000011, 4809532081614990336, 8226896360947470336, 1150444940909479936),
('2013-01-11 17:26:00', 4125, 0, 21060800, 344, 930, 4, 1000, 24, '11B', 344930000000011, 4809532081614990336, 8226896360947470336, 1150444940909479936),
('2013-01-11 17:27:00', 4098, 1, 33000153, 310, 560, 4, 1000, 0, '11B', 310560000000012, 4809532081614990336, 8226896360947470336, 1150444940909479936),
('2013-01-11 17:27:00', 4097, 1, 33000153, 310, 560, 4, 1000, 9, '11B', 310560000000012, 4809532081614990336, 8226896360947470336, 1150444940909479936),
('2013-01-11 17:27:00', 4106, 1, 33000153, 310, 560, 4, 1000, 12, '11B', 310560000000012, 4809532081614990336, 8226896360947470336, 1150444940909479936),
('2013-01-11 17:27:00', 4099, NULL, 33000153, 310, 560, 4, 1000, 0, '11B', 310560000000012, 4809532081614990336, 8226896360947470336, 1150444940909479936),
('2013-01-11 17:27:00', 4125, 0, 33000153, 310, 560, 4, 1000, 24, '11B', 310560000000012, 4809532081614990336, 8226896360947470336, 1150444940909479936),
('2013-01-11 17:28:00', 4098, 1, 33000253, 240, 21, 4, 1000, 0, '11B', 240210000000013, 4809532081614990336, 8226896360947470336, 1150444940909479936),
('2013-01-11 17:28:00', 4097, 1, 33000253, 240, 21, 4, 1000, 12, '11B', 240210000000013, 4809532081614990336, 8226896360947470336, 1150444940909479936),
('2013-01-11 17:28:00', 4106, 1, 33000253, 240, 21, 4, 1000, 12, '11B', 240210000000013, 4809532081614990336, 8226896360947470336, 1150444940909479936),
('2013-01-11 17:28:00', 4099, NULL, 33000253, 240, 21, 4, 1000, 0, '11B', 240210000000013, 4809532081614990336, 8226896360947470336, 1150444940909479936),
('2013-01-11 17:28:00', 4125, 0, 33000253, 240, 21, 4, 1000, 24, '11B', 240210000000013, 4809532081614990336, 8226896360947470336, 1150444940909479936),
('2013-01-11 17:29:00', 4098, 1, 21060800, 344, 930, 4, 1000, 0, '11B', 344930000000011, 4809532081614990336, 8226896360947470336, 1150444940909479936),
('2013-01-11 17:29:00', 4097, 1, 21060800, 344, 930, 4, 1000, 9, '11B', 344930000000011, 4809532081614990336, 8226896360947470336, 1150444940909479936),
('2013-01-11 17:29:00', 4106, 1, 21060800, 344, 930, 4, 1000, 12, '11B', 344930000000011, 4809532081614990336, 8226896360947470336, 1150444940909479936),
('2013-01-11 17:29:00', 4099, NULL, 21060800, 344, 930, 4, 1000, 0, '11B', 344930000000011, 4809532081614990336, 8226896360947470336, 1150444940909479936),
('2013-01-11 17:29:00', 4125, 0, 21060800, 344, 930, 4, 1000, 24, '11B', 344930000000011, 4809532081614990336, 8226896360947470336, 1150444940909479936),
('2013-01-11 17:30:00', 4098, 1, 21060800, 344, 930, 4, 1000, 0, '11B', 344930000000011, 4809532081614990336, 8226896360947470336, 1150444940909479936),
('2013-01-11 17:30:00', 4097, 1, 21060800, 344, 930, 4, 1000, 12, '11B', 344930000000011, 4809532081614990336, 8226896360947470336, 1150444940909479936),
('2013-01-11 17:30:00', 4106, 1, 21060800, 344, 930, 4, 1000, 12, '11B', 344930000000011, 4809532081614990336, 8226896360947470336, 1150444940909479936),
('2013-01-11 17:30:00', 4099, NULL, 21060800, 344, 930, 4, 1000, 0, '11B', 344930000000011, 4809532081614990336, 8226896360947470336, 1150444940909479936),
('2013-01-11 17:30:00', 4125, 0, 21060800, 344, 930, 4, 1000, 24, '11B', 344930000000011, 4809532081614990336, 8226896360947470336, 1150444940909479936),
('2013-01-11 17:31:00', 4098, 1, 33000153, 310, 560, 4, 1000, 0, '11B', 310560000000012, 4809532081614990336, 8226896360947470336, 1150444940909479936),
('2013-01-11 17:31:00', 4097, 1, 33000153, 310, 560, 4, 1000, 13, '11B', 310560000000012, 4809532081614990336, 8226896360947470336, 1150444940909479936),
('2013-01-11 17:31:00', 4106, 1, 33000153, 310, 560, 4, 1000, 12, '11B', 310560000000012, 4809532081614990336, 8226896360947470336, 1150444940909479936),
('2013-01-11 17:31:00', 4099, NULL, 33000153, 310, 560, 4, 1000, 0, '11B', 310560000000012, 4809532081614990336, 8226896360947470336, 1150444940909479936),
('2013-01-11 17:31:00', 4125, 0, 33000153, 310, 560, 4, 1000, 24, '11B', 310560000000012, 4809532081614990336, 8226896360947470336, 1150444940909479936),
('2013-01-11 17:32:00', 4098, 1, 33000253, 240, 21, 4, 1000, 0, '11B', 240210000000013, 4809532081614990336, 8226896360947470336, 1150444940909479936),
('2013-01-11 17:32:00', 4097, 1, 33000253, 240, 21, 4, 1000, 9, '11B', 240210000000013, 4809532081614990336, 8226896360947470336, 1150444940909479936),
('2013-01-11 17:32:00', 4106, 1, 33000253, 240, 21, 4, 1000, 12, '11B', 240210000000013, 4809532081614990336, 8226896360947470336, 1150444940909479936),
('2013-01-11 17:32:00', 4099, NULL, 33000253, 240, 21, 4, 1000, 0, '11B', 240210000000013, 4809532081614990336, 8226896360947470336, 1150444940909479936),
('2013-01-11 17:32:00', 4125, 0, 33000253, 240, 21, 4, 1000, 24, '11B', 240210000000013, 4809532081614990336, 8226896360947470336, 1150444940909479936),
('2013-01-11 17:33:00', 4098, 1, 21060800, 344, 930, 4, 1000, 0, '11B', 344930000000011, 4809532081614990336, 8226896360947470336, 1150444940909479936),
('2013-01-11 17:33:00', 4097, 1, 21060800, 344, 930, 4, 1000, 12, '11B', 344930000000011, 4809532081614990336, 8226896360947470336, 1150444940909479936),
('2013-01-11 17:33:00', 4106, 1, 21060800, 344, 930, 4, 1000, 12, '11B', 344930000000011, 4809532081614990336, 8226896360947470336, 1150444940909479936),
('2013-01-11 17:33:00', 4099, NULL, 21060800, 344, 930, 4, 1000, 0, '11B', 344930000000011, 4809532081614990336, 8226896360947470336, 1150444940909479936),
('2013-01-11 17:33:00', 4125, 0, 21060800, 344, 930, 4, 1000, 24, '11B', 344930000000011, 4809532081614990336, 8226896360947470336, 1150444940909479936),
('2013-01-11 17:34:00', 4098, 1, 33000153, 310, 560, 4, 1000, 0, '11B', 310560000000012, 4809532081614990336, 8226896360947470336, 1150444940909479936),
('2013-01-11 17:34:00', 4097, 1, 33000153, 310, 560, 4, 1000, 13, '11B', 310560000000012, 4809532081614990336, 8226896360947470336, 1150444940909479936),
('2013-01-11 17:34:00', 4106, 1, 33000153, 310, 560, 4, 1000, 12, '11B', 310560000000012, 4809532081614990336, 8226896360947470336, 1150444940909479936),
('2013-01-11 17:34:00', 4099, NULL, 33000153, 310, 560, 4, 1000, 0, '11B', 310560000000012, 4809532081614990336, 8226896360947470336, 1150444940909479936),
('2013-01-11 17:34:00', 4125, 0, 33000153, 310, 560, 4, 1000, 24, '11B', 310560000000012, 4809532081614990336, 8226896360947470336, 1150444940909479936),
('2013-01-11 17:30:00', 4098, 1, 33000253, 240, 21, 4, 1000, 0, '11B', 240210000000013, 4809532081614990336, 8226896360947470336, 1150444940909479936),
('2013-01-11 17:30:00', 4097, 1, 33000253, 240, 21, 4, 1000, 11, '11B', 240210000000013, 4809532081614990336, 8226896360947470336, 1150444940909479936),
('2013-01-11 17:30:00', 4106, 1, 33000253, 240, 21, 4, 1000, 12, '11B', 240210000000013, 4809532081614990336, 8226896360947470336, 1150444940909479936),
('2013-01-11 17:30:00', 4099, NULL, 33000253, 240, 21, 4, 1000, 0, '11B', 240210000000013, 4809532081614990336, 8226896360947470336, 1150444940909479936),
('2013-01-11 17:30:00', 4125, 0, 33000253, 240, 21, 4, 1000, 24, '11B', 240210000000013, 4809532081614990336, 8226896360947470336, 1150444940909479936),
('2013-01-11 17:31:00', 4098, 1, 21060800, 344, 930, 4, 1000, 0, '11B', 344930000000011, 4809532081614990336, 8226896360947470336, 1150444940909479936),
('2013-01-11 17:31:00', 4097, 1, 21060800, 344, 930, 4, 1000, 10, '11B', 344930000000011, 4809532081614990336, 8226896360947470336, 1150444940909479936),
('2013-01-11 17:31:00', 4106, 1, 21060800, 344, 930, 4, 1000, 12, '11B', 344930000000011, 4809532081614990336, 8226896360947470336, 1150444940909479936),
('2013-01-11 17:31:00', 4099, NULL, 21060800, 344, 930, 4, 1000, 0, '11B', 344930000000011, 4809532081614990336, 8226896360947470336, 1150444940909479936),
('2013-01-11 17:31:00', 4125, 0, 21060800, 344, 930, 4, 1000, 24, '11B', 344930000000011, 4809532081614990336, 8226896360947470336, 1150444940909479936),
('2013-01-11 17:32:00', 4098, 1, 33000153, 310, 560, 4, 1000, 0, '11B', 310560000000012, 4809532081614990336, 8226896360947470336, 1150444940909479936),
('2013-01-11 17:32:00', 4097, 1, 33000153, 310, 560, 4, 1000, 11, '11B', 310560000000012, 4809532081614990336, 8226896360947470336, 1150444940909479936),
('2013-01-11 17:32:00', 4106, 1, 33000153, 310, 560, 4, 1000, 12, '11B', 310560000000012, 4809532081614990336, 8226896360947470336, 1150444940909479936),
('2013-01-11 17:32:00', 4099, NULL, 33000153, 310, 560, 4, 1000, 0, '11B', 310560000000012, 4809532081614990336, 8226896360947470336, 1150444940909479936),
('2013-01-11 17:32:00', 4125, 0, 33000153, 310, 560, 4, 1000, 24, '11B', 310560000000012, 4809532081614990336, 8226896360947470336, 1150444940909479936),
('2013-01-11 17:33:00', 4098, 1, 33000253, 240, 21, 4, 1000, 0, '11B', 240210000000013, 4809532081614990336, 8226896360947470336, 1150444940909479936),
('2013-01-11 17:33:00', 4097, 1, 33000253, 240, 21, 4, 1000, 10, '11B', 240210000000013, 4809532081614990336, 8226896360947470336, 1150444940909479936),
('2013-01-11 17:33:00', 4106, 1, 33000253, 240, 21, 4, 1000, 12, '11B', 240210000000013, 4809532081614990336, 8226896360947470336, 1150444940909479936),
('2013-01-11 17:33:00', 4099, NULL, 33000253, 240, 21, 4, 1000, 0, '11B', 240210000000013, 4809532081614990336, 8226896360947470336, 1150444940909479936),
('2013-01-11 17:33:00', 4125, 0, 33000253, 240, 21, 4, 1000, 24, '11B', 240210000000013, 4809532081614990336, 8226896360947470336, 1150444940909479936),
('2013-01-11 17:34:00', 4098, 1, 21060800, 344, 930, 4, 1000, 0, '11B', 344930000000011, 4809532081614990336, 8226896360947470336, 1150444940909479936),
('2013-01-11 17:34:00', 4097, 1, 21060800, 344, 930, 4, 1000, 9, '11B', 344930000000011, 4809532081614990336, 8226896360947470336, 1150444940909479936),
('2013-01-11 17:34:00', 4106, 1, 21060800, 344, 930, 4, 1000, 12, '11B', 344930000000011, 4809532081614990336, 8226896360947470336, 1150444940909479936),
('2013-01-11 17:34:00', 4099, NULL, 21060800, 344, 930, 4, 1000, 0, '11B', 344930000000011, 4809532081614990336, 8226896360947470336, 1150444940909479936),
('2013-01-11 17:34:00', 4125, 0, 21060800, 344, 930, 4, 1000, 24, '11B', 344930000000011, 4809532081614990336, 8226896360947470336, 1150444940909479936),
('2013-01-11 17:35:00', 4098, 1, 21060800, 344, 930, 4, 1000, 0, '11B', 344930000000011, 4809532081614990336, 8226896360947470336, 1150444940909479936),
('2013-01-11 17:35:00', 4097, 1, 21060800, 344, 930, 4, 1000, 13, '11B', 344930000000011, 4809532081614990336, 8226896360947470336, 1150444940909479936),
('2013-01-11 17:35:00', 4106, 1, 21060800, 344, 930, 4, 1000, 12, '11B', 344930000000011, 4809532081614990336, 8226896360947470336, 1150444940909479936),
('2013-01-11 17:35:00', 4099, NULL, 21060800, 344, 930, 4, 1000, 0, '11B', 344930000000011, 4809532081614990336, 8226896360947470336, 1150444940909479936),
('2013-01-11 17:35:00', 4125, 0, 21060800, 344, 930, 4, 1000, 24, '11B', 344930000000011, 4809532081614990336, 8226896360947470336, 1150444940909479936),
('2013-01-11 17:36:00', 4098, 1, 33000153, 310, 560, 4, 1000, 0, '11B', 310560000000012, 4809532081614990336, 8226896360947470336, 1150444940909479936),
('2013-01-11 17:36:00', 4097, 1, 33000153, 310, 560, 4, 1000, 9, '11B', 310560000000012, 4809532081614990336, 8226896360947470336, 1150444940909479936),
('2013-01-11 17:36:00', 4106, 1, 33000153, 310, 560, 4, 1000, 12, '11B', 310560000000012, 4809532081614990336, 8226896360947470336, 1150444940909479936),
('2013-01-11 17:36:00', 4099, NULL, 33000153, 310, 560, 4, 1000, 0, '11B', 310560000000012, 4809532081614990336, 8226896360947470336, 1150444940909479936),
('2013-01-11 17:36:00', 4125, 0, 33000153, 310, 560, 4, 1000, 24, '11B', 310560000000012, 4809532081614990336, 8226896360947470336, 1150444940909479936),
('2013-01-11 17:37:00', 4098, 1, 33000253, 240, 21, 4, 1000, 0, '11B', 240210000000013, 4809532081614990336, 8226896360947470336, 1150444940909479936),
('2013-01-11 17:37:00', 4097, 1, 33000253, 240, 21, 4, 1000, 13, '11B', 240210000000013, 4809532081614990336, 8226896360947470336, 1150444940909479936),
('2013-01-11 17:37:00', 4106, 1, 33000253, 240, 21, 4, 1000, 12, '11B', 240210000000013, 4809532081614990336, 8226896360947470336, 1150444940909479936),
('2013-01-11 17:37:00', 4099, NULL, 33000253, 240, 21, 4, 1000, 0, '11B', 240210000000013, 4809532081614990336, 8226896360947470336, 1150444940909479936),
('2013-01-11 17:37:00', 4125, 0, 33000253, 240, 21, 4, 1000, 24, '11B', 240210000000013, 4809532081614990336, 8226896360947470336, 1150444940909479936),
('2013-01-11 17:38:00', 4098, 1, 21060800, 344, 930, 4, 1000, 0, '11B', 344930000000011, 4809532081614990336, 8226896360947470336, 1150444940909479936),
('2013-01-11 17:38:00', 4097, 1, 21060800, 344, 930, 4, 1000, 11, '11B', 344930000000011, 4809532081614990336, 8226896360947470336, 1150444940909479936),
('2013-01-11 17:38:00', 4106, 1, 21060800, 344, 930, 4, 1000, 12, '11B', 344930000000011, 4809532081614990336, 8226896360947470336, 1150444940909479936),
('2013-01-11 17:38:00', 4099, NULL, 21060800, 344, 930, 4, 1000, 0, '11B', 344930000000011, 4809532081614990336, 8226896360947470336, 1150444940909479936),
('2013-01-11 17:38:00', 4125, 0, 21060800, 344, 930, 4, 1000, 24, '11B', 344930000000011, 4809532081614990336, 8226896360947470336, 1150444940909479936),
('2013-01-11 17:39:00', 4098, 1, 33000153, 310, 560, 4, 1000, 0, '11B', 310560000000012, 4809532081614990336, 8226896360947470336, 1150444940909479936),
('2013-01-11 17:39:00', 4097, 1, 33000153, 310, 560, 4, 1000, 12, '11B', 310560000000012, 4809532081614990336, 8226896360947470336, 1150444940909479936),
('2013-01-11 17:39:00', 4106, 1, 33000153, 310, 560, 4, 1000, 12, '11B', 310560000000012, 4809532081614990336, 8226896360947470336, 1150444940909479936),
('2013-01-11 17:39:00', 4099, NULL, 33000153, 310, 560, 4, 1000, 0, '11B', 310560000000012, 4809532081614990336, 8226896360947470336, 1150444940909479936),
('2013-01-11 17:39:00', 4125, 0, 33000153, 310, 560, 4, 1000, 24, '11B', 310560000000012, 4809532081614990336, 8226896360947470336, 1150444940909479936),
('2013-01-11 17:35:00', 4098, 1, 33000253, 240, 21, 4, 1000, 0, '11B', 240210000000013, 4809532081614990336, 8226896360947470336, 1150444940909479936),
('2013-01-11 17:35:00', 4097, 1, 33000253, 240, 21, 4, 1000, 10, '11B', 240210000000013, 4809532081614990336, 8226896360947470336, 1150444940909479936),
('2013-01-11 17:35:00', 4106, 1, 33000253, 240, 21, 4, 1000, 12, '11B', 240210000000013, 4809532081614990336, 8226896360947470336, 1150444940909479936),
('2013-01-11 17:35:00', 4099, NULL, 33000253, 240, 21, 4, 1000, 0, '11B', 240210000000013, 4809532081614990336, 8226896360947470336, 1150444940909479936),
('2013-01-11 17:35:00', 4125, 0, 33000253, 240, 21, 4, 1000, 24, '11B', 240210000000013, 4809532081614990336, 8226896360947470336, 1150444940909479936),
('2013-01-11 17:36:00', 4098, 1, 21060800, 344, 930, 4, 1000, 0, '11B', 344930000000011, 4809532081614990336, 8226896360947470336, 1150444940909479936),
('2013-01-11 17:36:00', 4097, 1, 21060800, 344, 930, 4, 1000, 9, '11B', 344930000000011, 4809532081614990336, 8226896360947470336, 1150444940909479936),
('2013-01-11 17:36:00', 4106, 1, 21060800, 344, 930, 4, 1000, 12, '11B', 344930000000011, 4809532081614990336, 8226896360947470336, 1150444940909479936),
('2013-01-11 17:36:00', 4099, NULL, 21060800, 344, 930, 4, 1000, 0, '11B', 344930000000011, 4809532081614990336, 8226896360947470336, 1150444940909479936),
('2013-01-11 17:36:00', 4125, 0, 21060800, 344, 930, 4, 1000, 24, '11B', 344930000000011, 4809532081614990336, 8226896360947470336, 1150444940909479936),
('2013-01-11 17:37:00', 4098, 1, 33000153, 310, 560, 4, 1000, 0, '11B', 310560000000012, 4809532081614990336, 8226896360947470336, 1150444940909479936),
('2013-01-11 17:37:00', 4097, 1, 33000153, 310, 560, 4, 1000, 13, '11B', 310560000000012, 4809532081614990336, 8226896360947470336, 1150444940909479936),
('2013-01-11 17:37:00', 4106, 1, 33000153, 310, 560, 4, 1000, 12, '11B', 310560000000012, 4809532081614990336, 8226896360947470336, 1150444940909479936),
('2013-01-11 17:37:00', 4099, NULL, 33000153, 310, 560, 4, 1000, 0, '11B', 310560000000012, 4809532081614990336, 8226896360947470336, 1150444940909479936),
('2013-01-11 17:37:00', 4125, 0, 33000153, 310, 560, 4, 1000, 24, '11B', 310560000000012, 4809532081614990336, 8226896360947470336, 1150444940909479936),
('2013-01-11 17:38:00', 4098, 1, 33000253, 240, 21, 4, 1000, 0, '11B', 240210000000013, 4809532081614990336, 8226896360947470336, 1150444940909479936),
('2013-01-11 17:38:00', 4097, 1, 33000253, 240, 21, 4, 1000, 12, '11B', 240210000000013, 4809532081614990336, 8226896360947470336, 1150444940909479936),
('2013-01-11 17:38:00', 4106, 1, 33000253, 240, 21, 4, 1000, 12, '11B', 240210000000013, 4809532081614990336, 8226896360947470336, 1150444940909479936),
('2013-01-11 17:38:00', 4099, NULL, 33000253, 240, 21, 4, 1000, 0, '11B', 240210000000013, 4809532081614990336, 8226896360947470336, 1150444940909479936),
('2013-01-11 17:38:00', 4125, 0, 33000253, 240, 21, 4, 1000, 24, '11B', 240210000000013, 4809532081614990336, 8226896360947470336, 1150444940909479936),
('2013-01-11 17:39:00', 4098, 1, 21060800, 344, 930, 4, 1000, 0, '11B', 344930000000011, 4809532081614990336, 8226896360947470336, 1150444940909479936),
('2013-01-11 17:39:00', 4097, 1, 21060800, 344, 930, 4, 1000, 11, '11B', 344930000000011, 4809532081614990336, 8226896360947470336, 1150444940909479936),
('2013-01-11 17:39:00', 4106, 1, 21060800, 344, 930, 4, 1000, 12, '11B', 344930000000011, 4809532081614990336, 8226896360947470336, 1150444940909479936),
('2013-01-11 17:39:00', 4099, NULL, 21060800, 344, 930, 4, 1000, 0, '11B', 344930000000011, 4809532081614990336, 8226896360947470336, 1150444940909479936),
('2013-01-11 17:39:00', 4125, 0, 21060800, 344, 930, 4, 1000, 24, '11B', 344930000000011, 4809532081614990336, 8226896360947470336, 1150444940909479936),
('2013-01-11 17:10:00', 4098, 1, 21060800, 344, 930, 5, 1000, 0, '11B', 344930000000011, 7302598826786560000, 7901152815458020352, 5509039050139199488),
('2013-01-11 17:10:00', 4097, 1, 21060800, 344, 930, 5, 1000, 9, '11B', 344930000000011, 7302598826786560000, 7901152815458020352, 5509039050139199488),
('2013-01-11 17:10:00', 4106, 1, 21060800, 344, 930, 5, 1000, 12, '11B', 344930000000011, 7302598826786560000, 7901152815458020352, 5509039050139199488),
('2013-01-11 17:10:00', 4099, NULL, 21060800, 344, 930, 5, 1000, 0, '11B', 344930000000011, 7302598826786560000, 7901152815458020352, 5509039050139199488),
('2013-01-11 17:10:00', 4125, 0, 21060800, 344, 930, 5, 1000, 24, '11B', 344930000000011, 7302598826786560000, 7901152815458020352, 5509039050139199488),
('2013-01-11 17:11:00', 4098, 1, 33000153, 310, 560, 5, 1000, 0, '11B', 310560000000012, 7302598826786560000, 7901152815458020352, 5509039050139199488),
('2013-01-11 17:11:00', 4097, 1, 33000153, 310, 560, 5, 1000, 11, '11B', 310560000000012, 7302598826786560000, 7901152815458020352, 5509039050139199488),
('2013-01-11 17:11:00', 4106, 1, 33000153, 310, 560, 5, 1000, 12, '11B', 310560000000012, 7302598826786560000, 7901152815458020352, 5509039050139199488),
('2013-01-11 17:11:00', 4099, NULL, 33000153, 310, 560, 5, 1000, 0, '11B', 310560000000012, 7302598826786560000, 7901152815458020352, 5509039050139199488),
('2013-01-11 17:11:00', 4125, 0, 33000153, 310, 560, 5, 1000, 24, '11B', 310560000000012, 7302598826786560000, 7901152815458020352, 5509039050139199488),
('2013-01-11 17:12:00', 4098, 1, 33000253, 240, 21, 5, 1000, 0, '11B', 240210000000013, 7302598826786560000, 7901152815458020352, 5509039050139199488),
('2013-01-11 17:12:00', 4097, 1, 33000253, 240, 21, 5, 1000, 12, '11B', 240210000000013, 7302598826786560000, 7901152815458020352, 5509039050139199488),
('2013-01-11 17:12:00', 4106, 1, 33000253, 240, 21, 5, 1000, 12, '11B', 240210000000013, 7302598826786560000, 7901152815458020352, 5509039050139199488),
('2013-01-11 17:12:00', 4099, NULL, 33000253, 240, 21, 5, 1000, 0, '11B', 240210000000013, 7302598826786560000, 7901152815458020352, 5509039050139199488),
('2013-01-11 17:12:00', 4125, 0, 33000253, 240, 21, 5, 1000, 24, '11B', 240210000000013, 7302598826786560000, 7901152815458020352, 5509039050139199488),
('2013-01-11 17:13:00', 4098, 1, 21060800, 344, 930, 5, 1000, 0, '11B', 344930000000011, 7302598826786560000, 7901152815458020352, 5509039050139199488),
('2013-01-11 17:13:00', 4097, 1, 21060800, 344, 930, 5, 1000, 10, '11B', 344930000000011, 7302598826786560000, 7901152815458020352, 5509039050139199488),
('2013-01-11 17:13:00', 4106, 1, 21060800, 344, 930, 5, 1000, 12, '11B', 344930000000011, 7302598826786560000, 7901152815458020352, 5509039050139199488),
('2013-01-11 17:13:00', 4099, NULL, 21060800, 344, 930, 5, 1000, 0, '11B', 344930000000011, 7302598826786560000, 7901152815458020352, 5509039050139199488),
('2013-01-11 17:13:00', 4125, 0, 21060800, 344, 930, 5, 1000, 24, '11B', 344930000000011, 7302598826786560000, 7901152815458020352, 5509039050139199488),
('2013-01-11 17:14:00', 4098, 1, 33000153, 310, 560, 5, 1000, 0, '11B', 310560000000012, 7302598826786560000, 7901152815458020352, 5509039050139199488),
('2013-01-11 17:14:00', 4097, 1, 33000153, 310, 560, 5, 1000, 10, '11B', 310560000000012, 7302598826786560000, 7901152815458020352, 5509039050139199488),
('2013-01-11 17:14:00', 4106, 1, 33000153, 310, 560, 5, 1000, 12, '11B', 310560000000012, 7302598826786560000, 7901152815458020352, 5509039050139199488),
('2013-01-11 17:14:00', 4099, NULL, 33000153, 310, 560, 5, 1000, 0, '11B', 310560000000012, 7302598826786560000, 7901152815458020352, 5509039050139199488),
('2013-01-11 17:14:00', 4125, 0, 33000153, 310, 560, 5, 1000, 24, '11B', 310560000000012, 7302598826786560000, 7901152815458020352, 5509039050139199488),
('2013-01-11 17:10:00', 4098, 1, 33000253, 240, 21, 5, 1000, 0, '11B', 240210000000013, 7302598826786560000, 7901152815458020352, 5509039050139199488),
('2013-01-11 17:10:00', 4097, 1, 33000253, 240, 21, 5, 1000, 9, '11B', 240210000000013, 7302598826786560000, 7901152815458020352, 5509039050139199488),
('2013-01-11 17:10:00', 4106, 1, 33000253, 240, 21, 5, 1000, 12, '11B', 240210000000013, 7302598826786560000, 7901152815458020352, 5509039050139199488),
('2013-01-11 17:10:00', 4099, NULL, 33000253, 240, 21, 5, 1000, 0, '11B', 240210000000013, 7302598826786560000, 7901152815458020352, 5509039050139199488),
('2013-01-11 17:10:00', 4125, 0, 33000253, 240, 21, 5, 1000, 24, '11B', 240210000000013, 7302598826786560000, 7901152815458020352, 5509039050139199488),
('2013-01-11 17:11:00', 4098, 1, 21060800, 344, 930, 5, 1000, 0, '11B', 344930000000011, 7302598826786560000, 7901152815458020352, 5509039050139199488),
('2013-01-11 17:11:00', 4097, 1, 21060800, 344, 930, 5, 1000, 9, '11B', 344930000000011, 7302598826786560000, 7901152815458020352, 5509039050139199488),
('2013-01-11 17:11:00', 4106, 1, 21060800, 344, 930, 5, 1000, 12, '11B', 344930000000011, 7302598826786560000, 7901152815458020352, 5509039050139199488),
('2013-01-11 17:11:00', 4099, NULL, 21060800, 344, 930, 5, 1000, 0, '11B', 344930000000011, 7302598826786560000, 7901152815458020352, 5509039050139199488),
('2013-01-11 17:11:00', 4125, 0, 21060800, 344, 930, 5, 1000, 24, '11B', 344930000000011, 7302598826786560000, 7901152815458020352, 5509039050139199488),
('2013-01-11 17:12:00', 4098, 1, 33000153, 310, 560, 5, 1000, 1, '11B', 310560000000012, 7302598826786560000, 7901152815458020352, 5509039050139199488),
('2013-01-11 17:12:00', 4097, 1, 33000153, 310, 560, 5, 1000, 9, '11B', 310560000000012, 7302598826786560000, 7901152815458020352, 5509039050139199488),
('2013-01-11 17:12:00', 4106, 1, 33000153, 310, 560, 5, 1000, 12, '11B', 310560000000012, 7302598826786560000, 7901152815458020352, 5509039050139199488),
('2013-01-11 17:12:00', 4099, NULL, 33000153, 310, 560, 5, 1000, 0, '11B', 310560000000012, 7302598826786560000, 7901152815458020352, 5509039050139199488),
('2013-01-11 17:12:00', 4125, 0, 33000153, 310, 560, 5, 1000, 24, '11B', 310560000000012, 7302598826786560000, 7901152815458020352, 5509039050139199488),
('2013-01-11 17:13:00', 4098, 1, 33000253, 240, 21, 5, 1000, 1, '11B', 240210000000013, 7302598826786560000, 7901152815458020352, 5509039050139199488),
('2013-01-11 17:13:00', 4097, 1, 33000253, 240, 21, 5, 1000, 12, '11B', 240210000000013, 7302598826786560000, 7901152815458020352, 5509039050139199488),
('2013-01-11 17:13:00', 4106, 1, 33000253, 240, 21, 5, 1000, 12, '11B', 240210000000013, 7302598826786560000, 7901152815458020352, 5509039050139199488),
('2013-01-11 17:13:00', 4099, NULL, 33000253, 240, 21, 5, 1000, 0, '11B', 240210000000013, 7302598826786560000, 7901152815458020352, 5509039050139199488),
('2013-01-11 17:13:00', 4125, 0, 33000253, 240, 21, 5, 1000, 24, '11B', 240210000000013, 7302598826786560000, 7901152815458020352, 5509039050139199488),
('2013-01-11 17:14:00', 4098, 1, 21060800, 344, 930, 5, 1000, 1, '11B', 344930000000011, 7302598826786560000, 7901152815458020352, 5509039050139199488),
('2013-01-11 17:14:00', 4097, 1, 21060800, 344, 930, 5, 1000, 10, '11B', 344930000000011, 7302598826786560000, 7901152815458020352, 5509039050139199488),
('2013-01-11 17:14:00', 4106, 1, 21060800, 344, 930, 5, 1000, 12, '11B', 344930000000011, 7302598826786560000, 7901152815458020352, 5509039050139199488),
('2013-01-11 17:14:00', 4099, NULL, 21060800, 344, 930, 5, 1000, 0, '11B', 344930000000011, 7302598826786560000, 7901152815458020352, 5509039050139199488),
('2013-01-11 17:14:00', 4125, 0, 21060800, 344, 930, 5, 1000, 24, '11B', 344930000000011, 7302598826786560000, 7901152815458020352, 5509039050139199488),
('2013-01-11 17:15:00', 4098, 1, 21060800, 344, 930, 5, 1000, 1, '11B', 344930000000011, 7302598826786560000, 7901152815458020352, 5509039050139199488),
('2013-01-11 17:15:00', 4097, 1, 21060800, 344, 930, 5, 1000, 11, '11B', 344930000000011, 7302598826786560000, 7901152815458020352, 5509039050139199488),
('2013-01-11 17:15:00', 4106, 1, 21060800, 344, 930, 5, 1000, 12, '11B', 344930000000011, 7302598826786560000, 7901152815458020352, 5509039050139199488),
('2013-01-11 17:15:00', 4099, NULL, 21060800, 344, 930, 5, 1000, 0, '11B', 344930000000011, 7302598826786560000, 7901152815458020352, 5509039050139199488),
('2013-01-11 17:15:00', 4125, 0, 21060800, 344, 930, 5, 1000, 24, '11B', 344930000000011, 7302598826786560000, 7901152815458020352, 5509039050139199488),
('2013-01-11 17:16:00', 4098, 1, 33000153, 310, 560, 5, 1000, 1, '11B', 310560000000012, 7302598826786560000, 7901152815458020352, 5509039050139199488),
('2013-01-11 17:16:00', 4097, 1, 33000153, 310, 560, 5, 1000, 12, '11B', 310560000000012, 7302598826786560000, 7901152815458020352, 5509039050139199488),
('2013-01-11 17:16:00', 4106, 1, 33000153, 310, 560, 5, 1000, 12, '11B', 310560000000012, 7302598826786560000, 7901152815458020352, 5509039050139199488),
('2013-01-11 17:16:00', 4099, NULL, 33000153, 310, 560, 5, 1000, 0, '11B', 310560000000012, 7302598826786560000, 7901152815458020352, 5509039050139199488),
('2013-01-11 17:16:00', 4125, 0, 33000153, 310, 560, 5, 1000, 24, '11B', 310560000000012, 7302598826786560000, 7901152815458020352, 5509039050139199488),
('2013-01-11 17:17:00', 4098, 1, 33000253, 240, 21, 5, 1000, 1, '11B', 240210000000013, 7302598826786560000, 7901152815458020352, 5509039050139199488),
('2013-01-11 17:17:00', 4097, 1, 33000253, 240, 21, 5, 1000, 11, '11B', 240210000000013, 7302598826786560000, 7901152815458020352, 5509039050139199488),
('2013-01-11 17:17:00', 4106, 1, 33000253, 240, 21, 5, 1000, 12, '11B', 240210000000013, 7302598826786560000, 7901152815458020352, 5509039050139199488),
('2013-01-11 17:17:00', 4099, NULL, 33000253, 240, 21, 5, 1000, 0, '11B', 240210000000013, 7302598826786560000, 7901152815458020352, 5509039050139199488),
('2013-01-11 17:17:00', 4125, 0, 33000253, 240, 21, 5, 1000, 24, '11B', 240210000000013, 7302598826786560000, 7901152815458020352, 5509039050139199488),
('2013-01-11 17:18:00', 4098, 1, 21060800, 344, 930, 5, 1000, 1, '11B', 344930000000011, 7302598826786560000, 7901152815458020352, 5509039050139199488),
('2013-01-11 17:18:00', 4097, 1, 21060800, 344, 930, 5, 1000, 11, '11B', 344930000000011, 7302598826786560000, 7901152815458020352, 5509039050139199488),
('2013-01-11 17:18:00', 4106, 1, 21060800, 344, 930, 5, 1000, 12, '11B', 344930000000011, 7302598826786560000, 7901152815458020352, 5509039050139199488),
('2013-01-11 17:18:00', 4099, NULL, 21060800, 344, 930, 5, 1000, 0, '11B', 344930000000011, 7302598826786560000, 7901152815458020352, 5509039050139199488),
('2013-01-11 17:18:00', 4125, 0, 21060800, 344, 930, 5, 1000, 24, '11B', 344930000000011, 7302598826786560000, 7901152815458020352, 5509039050139199488),
('2013-01-11 17:19:00', 4098, 1, 33000153, 310, 560, 5, 1000, 1, '11B', 310560000000012, 7302598826786560000, 7901152815458020352, 5509039050139199488),
('2013-01-11 17:19:00', 4097, 1, 33000153, 310, 560, 5, 1000, 10, '11B', 310560000000012, 7302598826786560000, 7901152815458020352, 5509039050139199488),
('2013-01-11 17:19:00', 4106, 1, 33000153, 310, 560, 5, 1000, 12, '11B', 310560000000012, 7302598826786560000, 7901152815458020352, 5509039050139199488),
('2013-01-11 17:19:00', 4099, NULL, 33000153, 310, 560, 5, 1000, 0, '11B', 310560000000012, 7302598826786560000, 7901152815458020352, 5509039050139199488),
('2013-01-11 17:19:00', 4125, 0, 33000153, 310, 560, 5, 1000, 24, '11B', 310560000000012, 7302598826786560000, 7901152815458020352, 5509039050139199488),
('2013-01-11 17:15:00', 4098, 1, 33000253, 240, 21, 5, 1000, 1, '11B', 240210000000013, 7302598826786560000, 7901152815458020352, 5509039050139199488),
('2013-01-11 17:15:00', 4097, 1, 33000253, 240, 21, 5, 1000, 12, '11B', 240210000000013, 7302598826786560000, 7901152815458020352, 5509039050139199488);
INSERT INTO `sampledata` (`Date/Time`, `Event_Id`, `Failure_Class`, `UE_Type`, `Market`, `Operator`, `Cell_Id`, `Duration`, `Cause_Code`, `NE_Version`, `IMSI`, `HIER3_Id`, `HIER32_Id`, `HIER321_Id`) VALUES
('2013-01-11 17:15:00', 4106, 1, 33000253, 240, 21, 5, 1000, 12, '11B', 240210000000013, 7302598826786560000, 7901152815458020352, 5509039050139199488),
('2013-01-11 17:15:00', 4099, NULL, 33000253, 240, 21, 5, 1000, 0, '11B', 240210000000013, 7302598826786560000, 7901152815458020352, 5509039050139199488),
('2013-01-11 17:15:00', 4125, 0, 33000253, 240, 21, 5, 1000, 24, '11B', 240210000000013, 7302598826786560000, 7901152815458020352, 5509039050139199488),
('2013-01-11 17:16:00', 4098, 1, 21060800, 344, 930, 5, 1000, 1, '11B', 344930000000011, 7302598826786560000, 7901152815458020352, 5509039050139199488),
('2013-01-11 17:16:00', 4097, 1, 21060800, 344, 930, 5, 1000, 10, '11B', 344930000000011, 7302598826786560000, 7901152815458020352, 5509039050139199488),
('2013-01-11 17:16:00', 4106, 1, 21060800, 344, 930, 5, 1000, 12, '11B', 344930000000011, 7302598826786560000, 7901152815458020352, 5509039050139199488),
('2013-01-11 17:16:00', 4099, NULL, 21060800, 344, 930, 5, 1000, 0, '11B', 344930000000011, 7302598826786560000, 7901152815458020352, 5509039050139199488),
('2013-01-11 17:16:00', 4125, 0, 21060800, 344, 930, 5, 1000, 24, '11B', 344930000000011, 7302598826786560000, 7901152815458020352, 5509039050139199488),
('2013-01-11 17:17:00', 4098, 1, 33000153, 310, 560, 5, 1000, 1, '11B', 310560000000012, 7302598826786560000, 7901152815458020352, 5509039050139199488),
('2013-01-11 17:17:00', 4097, 1, 33000153, 310, 560, 5, 1000, 10, '11B', 310560000000012, 7302598826786560000, 7901152815458020352, 5509039050139199488),
('2013-01-11 17:17:00', 4106, 1, 33000153, 310, 560, 5, 1000, 12, '11B', 310560000000012, 7302598826786560000, 7901152815458020352, 5509039050139199488),
('2013-01-11 17:17:00', 4099, NULL, 33000153, 310, 560, 5, 1000, 0, '11B', 310560000000012, 7302598826786560000, 7901152815458020352, 5509039050139199488),
('2013-01-11 17:17:00', 4125, 0, 33000153, 310, 560, 5, 1000, 24, '11B', 310560000000012, 7302598826786560000, 7901152815458020352, 5509039050139199488),
('2013-01-11 17:18:00', 4098, 1, 33000253, 240, 21, 5, 1000, 1, '11B', 240210000000013, 7302598826786560000, 7901152815458020352, 5509039050139199488),
('2013-01-11 17:18:00', 4097, 1, 33000253, 240, 21, 5, 1000, 13, '11B', 240210000000013, 7302598826786560000, 7901152815458020352, 5509039050139199488),
('2013-01-11 17:18:00', 4106, 1, 33000253, 240, 21, 5, 1000, 12, '11B', 240210000000013, 7302598826786560000, 7901152815458020352, 5509039050139199488),
('2013-01-11 17:18:00', 4099, NULL, 33000253, 240, 21, 5, 1000, 0, '11B', 240210000000013, 7302598826786560000, 7901152815458020352, 5509039050139199488),
('2013-01-11 17:18:00', 4125, 0, 33000253, 240, 21, 5, 1000, 24, '11B', 240210000000013, 7302598826786560000, 7901152815458020352, 5509039050139199488),
('2013-01-11 17:19:00', 4098, 1, 21060800, 344, 930, 5, 1000, 1, '11B', 344930000000011, 7302598826786560000, 7901152815458020352, 5509039050139199488),
('2013-01-11 17:19:00', 4097, 1, 21060800, 344, 930, 5, 1000, 11, '11B', 344930000000011, 7302598826786560000, 7901152815458020352, 5509039050139199488),
('2013-01-11 17:19:00', 4106, 1, 21060800, 344, 930, 5, 1000, 12, '11B', 344930000000011, 7302598826786560000, 7901152815458020352, 5509039050139199488),
('2013-01-11 17:19:00', 4099, NULL, 21060800, 344, 930, 5, 1000, 0, '11B', 344930000000011, 7302598826786560000, 7901152815458020352, 5509039050139199488),
('2013-01-11 17:19:00', 4125, 0, 21060800, 344, 930, 5, 1000, 24, '11B', 344930000000011, 7302598826786560000, 7901152815458020352, 5509039050139199488),
('2013-01-11 17:20:00', 4098, 1, 21060800, 344, 930, 5, 1000, 1, '11B', 344930000000011, 7302598826786560000, 7901152815458020352, 5509039050139199488),
('2013-01-11 17:20:00', 4097, 1, 21060800, 344, 930, 5, 1000, 13, '11B', 344930000000011, 7302598826786560000, 7901152815458020352, 5509039050139199488),
('2013-01-11 17:20:00', 4106, 1, 21060800, 344, 930, 5, 1000, 12, '11B', 344930000000011, 7302598826786560000, 7901152815458020352, 5509039050139199488),
('2013-01-11 17:20:00', 4099, NULL, 21060800, 344, 930, 5, 1000, 0, '11B', 344930000000011, 7302598826786560000, 7901152815458020352, 5509039050139199488),
('2013-01-11 17:20:00', 4125, 0, 21060800, 344, 930, 5, 1000, 24, '11B', 344930000000011, 7302598826786560000, 7901152815458020352, 5509039050139199488),
('2013-01-11 17:21:00', 4098, 1, 33000153, 310, 560, 5, 1000, 1, '11B', 310560000000012, 7302598826786560000, 7901152815458020352, 5509039050139199488),
('2013-01-11 17:21:00', 4097, 1, 33000153, 310, 560, 5, 1000, 9, '11B', 310560000000012, 7302598826786560000, 7901152815458020352, 5509039050139199488),
('2013-01-11 17:21:00', 4106, 1, 33000153, 310, 560, 5, 1000, 12, '11B', 310560000000012, 7302598826786560000, 7901152815458020352, 5509039050139199488),
('2013-01-11 17:21:00', 4099, NULL, 33000153, 310, 560, 5, 1000, 0, '11B', 310560000000012, 7302598826786560000, 7901152815458020352, 5509039050139199488),
('2013-01-11 17:21:00', 4125, 0, 33000153, 310, 560, 5, 1000, 24, '11B', 310560000000012, 7302598826786560000, 7901152815458020352, 5509039050139199488),
('2013-01-11 17:22:00', 4098, 1, 33000253, 240, 21, 5, 1000, 1, '11B', 240210000000013, 7302598826786560000, 7901152815458020352, 5509039050139199488),
('2013-01-11 17:22:00', 4097, 1, 33000253, 240, 21, 5, 1000, 13, '11B', 240210000000013, 7302598826786560000, 7901152815458020352, 5509039050139199488),
('2013-01-11 17:22:00', 4106, 1, 33000253, 240, 21, 5, 1000, 12, '11B', 240210000000013, 7302598826786560000, 7901152815458020352, 5509039050139199488),
('2013-01-11 17:22:00', 4099, NULL, 33000253, 240, 21, 5, 1000, 0, '11B', 240210000000013, 7302598826786560000, 7901152815458020352, 5509039050139199488),
('2013-01-11 17:22:00', 4125, 0, 33000253, 240, 21, 5, 1000, 24, '11B', 240210000000013, 7302598826786560000, 7901152815458020352, 5509039050139199488),
('2013-01-11 17:23:00', 4098, 1, 21060800, 344, 930, 5, 1000, 1, '11B', 344930000000011, 7302598826786560000, 7901152815458020352, 5509039050139199488),
('2013-01-11 17:23:00', 4097, 1, 21060800, 344, 930, 5, 1000, 13, '11B', 344930000000011, 7302598826786560000, 7901152815458020352, 5509039050139199488),
('2013-01-11 17:23:00', 4106, 1, 21060800, 344, 930, 5, 1000, 12, '11B', 344930000000011, 7302598826786560000, 7901152815458020352, 5509039050139199488),
('2013-01-11 17:23:00', 4099, NULL, 21060800, 344, 930, 5, 1000, 0, '11B', 344930000000011, 7302598826786560000, 7901152815458020352, 5509039050139199488),
('2013-01-11 17:23:00', 4125, 0, 21060800, 344, 930, 5, 1000, 24, '11B', 344930000000011, 7302598826786560000, 7901152815458020352, 5509039050139199488),
('2013-01-11 17:24:00', 4098, 1, 33000153, 310, 560, 5, 1000, 1, '11B', 310560000000012, 7302598826786560000, 7901152815458020352, 5509039050139199488),
('2013-01-11 17:24:00', 4097, 1, 33000153, 310, 560, 5, 1000, 12, '11B', 310560000000012, 7302598826786560000, 7901152815458020352, 5509039050139199488),
('2013-01-11 17:24:00', 4106, 1, 33000153, 310, 560, 5, 1000, 12, '11B', 310560000000012, 7302598826786560000, 7901152815458020352, 5509039050139199488),
('2013-01-11 17:24:00', 4099, NULL, 33000153, 310, 560, 5, 1000, 0, '11B', 310560000000012, 7302598826786560000, 7901152815458020352, 5509039050139199488),
('2013-01-11 17:24:00', 4125, 0, 33000153, 310, 560, 5, 1000, 24, '11B', 310560000000012, 7302598826786560000, 7901152815458020352, 5509039050139199488),
('2013-01-11 17:20:00', 4098, 1, 33000253, 240, 21, 5, 1000, 1, '11B', 240210000000013, 7302598826786560000, 7901152815458020352, 5509039050139199488),
('2013-01-11 17:20:00', 4097, 1, 33000253, 240, 21, 5, 1000, 11, '11B', 240210000000013, 7302598826786560000, 7901152815458020352, 5509039050139199488),
('2013-01-11 17:20:00', 4106, 1, 33000253, 240, 21, 5, 1000, 12, '11B', 240210000000013, 7302598826786560000, 7901152815458020352, 5509039050139199488),
('2013-01-11 17:20:00', 4099, NULL, 33000253, 240, 21, 5, 1000, 0, '11B', 240210000000013, 7302598826786560000, 7901152815458020352, 5509039050139199488),
('2013-01-11 17:20:00', 4125, 0, 33000253, 240, 21, 5, 1000, 24, '11B', 240210000000013, 7302598826786560000, 7901152815458020352, 5509039050139199488),
('2013-01-11 17:21:00', 4098, 1, 21060800, 344, 930, 5, 1000, 1, '11B', 344930000000011, 7302598826786560000, 7901152815458020352, 5509039050139199488),
('2013-01-11 17:21:00', 4097, 1, 21060800, 344, 930, 5, 1000, 9, '11B', 344930000000011, 7302598826786560000, 7901152815458020352, 5509039050139199488),
('2013-01-11 17:21:00', 4106, 1, 21060800, 344, 930, 5, 1000, 12, '11B', 344930000000011, 7302598826786560000, 7901152815458020352, 5509039050139199488),
('2013-01-11 17:21:00', 4099, NULL, 21060800, 344, 930, 5, 1000, 0, '11B', 344930000000011, 7302598826786560000, 7901152815458020352, 5509039050139199488),
('2013-01-11 17:21:00', 4125, 0, 21060800, 344, 930, 5, 1000, 24, '11B', 344930000000011, 7302598826786560000, 7901152815458020352, 5509039050139199488),
('2013-01-11 17:22:00', 4098, 1, 33000153, 310, 560, 5, 1000, 1, '11B', 310560000000012, 7302598826786560000, 7901152815458020352, 5509039050139199488),
('2013-01-11 17:22:00', 4097, 1, 33000153, 310, 560, 5, 1000, 11, '11B', 310560000000012, 7302598826786560000, 7901152815458020352, 5509039050139199488),
('2013-01-11 17:22:00', 4106, 1, 33000153, 310, 560, 5, 1000, 12, '11B', 310560000000012, 7302598826786560000, 7901152815458020352, 5509039050139199488),
('2013-01-11 17:22:00', 4099, NULL, 33000153, 310, 560, 5, 1000, 0, '11B', 310560000000012, 7302598826786560000, 7901152815458020352, 5509039050139199488),
('2013-01-11 17:22:00', 4125, 0, 33000153, 310, 560, 5, 1000, 24, '11B', 310560000000012, 7302598826786560000, 7901152815458020352, 5509039050139199488),
('2013-01-11 17:23:00', 4098, 1, 33000253, 240, 21, 5, 1000, 1, '11B', 240210000000013, 7302598826786560000, 7901152815458020352, 5509039050139199488),
('2013-01-11 17:23:00', 4097, 1, 33000253, 240, 21, 5, 1000, 12, '11B', 240210000000013, 7302598826786560000, 7901152815458020352, 5509039050139199488),
('2013-01-11 17:23:00', 4106, 1, 33000253, 240, 21, 5, 1000, 12, '11B', 240210000000013, 7302598826786560000, 7901152815458020352, 5509039050139199488),
('2013-01-11 17:23:00', 4099, NULL, 33000253, 240, 21, 5, 1000, 0, '11B', 240210000000013, 7302598826786560000, 7901152815458020352, 5509039050139199488),
('2013-01-11 17:23:00', 4125, 0, 33000253, 240, 21, 5, 1000, 24, '11B', 240210000000013, 7302598826786560000, 7901152815458020352, 5509039050139199488),
('2013-01-11 17:24:00', 4098, 1, 21060800, 344, 930, 5, 1000, 1, '11B', 344930000000011, 7302598826786560000, 7901152815458020352, 5509039050139199488),
('2013-01-11 17:24:00', 4097, 1, 21060800, 344, 930, 5, 1000, 11, '11B', 344930000000011, 7302598826786560000, 7901152815458020352, 5509039050139199488),
('2013-01-11 17:24:00', 4106, 1, 21060800, 344, 930, 5, 1000, 12, '11B', 344930000000011, 7302598826786560000, 7901152815458020352, 5509039050139199488),
('2013-01-11 17:24:00', 4099, NULL, 21060800, 344, 930, 5, 1000, 0, '11B', 344930000000011, 7302598826786560000, 7901152815458020352, 5509039050139199488),
('2013-01-11 17:24:00', 4125, 0, 21060800, 344, 930, 5, 1000, 24, '11B', 344930000000011, 7302598826786560000, 7901152815458020352, 5509039050139199488),
('2013-01-11 17:25:00', 4098, 1, 21060800, 344, 930, 5, 1000, 1, '11B', 344930000000011, 7302598826786560000, 7901152815458020352, 5509039050139199488),
('2013-01-11 17:25:00', 4097, 1, 21060800, 344, 930, 5, 1000, 10, '11B', 344930000000011, 7302598826786560000, 7901152815458020352, 5509039050139199488),
('2013-01-11 17:25:00', 4106, 1, 21060800, 344, 930, 5, 1000, 12, '11B', 344930000000011, 7302598826786560000, 7901152815458020352, 5509039050139199488),
('2013-01-11 17:25:00', 4099, NULL, 21060800, 344, 930, 5, 1000, 0, '11B', 344930000000011, 7302598826786560000, 7901152815458020352, 5509039050139199488),
('2013-01-11 17:25:00', 4125, 0, 21060800, 344, 930, 5, 1000, 24, '11B', 344930000000011, 7302598826786560000, 7901152815458020352, 5509039050139199488),
('2013-01-11 17:26:00', 4098, 1, 33000153, 310, 560, 5, 1000, 1, '11B', 310560000000012, 7302598826786560000, 7901152815458020352, 5509039050139199488),
('2013-01-11 17:26:00', 4097, 1, 33000153, 310, 560, 5, 1000, 11, '11B', 310560000000012, 7302598826786560000, 7901152815458020352, 5509039050139199488),
('2013-01-11 17:26:00', 4106, 1, 33000153, 310, 560, 5, 1000, 12, '11B', 310560000000012, 7302598826786560000, 7901152815458020352, 5509039050139199488),
('2013-01-11 17:26:00', 4099, NULL, 33000153, 310, 560, 5, 1000, 0, '11B', 310560000000012, 7302598826786560000, 7901152815458020352, 5509039050139199488),
('2013-01-11 17:26:00', 4125, 0, 33000153, 310, 560, 5, 1000, 24, '11B', 310560000000012, 7302598826786560000, 7901152815458020352, 5509039050139199488),
('2013-01-11 17:27:00', 4098, 1, 33000253, 240, 21, 5, 1000, 1, '11B', 240210000000013, 7302598826786560000, 7901152815458020352, 5509039050139199488),
('2013-01-11 17:27:00', 4097, 1, 33000253, 240, 21, 5, 1000, 11, '11B', 240210000000013, 7302598826786560000, 7901152815458020352, 5509039050139199488),
('2013-01-11 17:27:00', 4106, 1, 33000253, 240, 21, 5, 1000, 12, '11B', 240210000000013, 7302598826786560000, 7901152815458020352, 5509039050139199488),
('2013-01-11 17:27:00', 4099, NULL, 33000253, 240, 21, 5, 1000, 0, '11B', 240210000000013, 7302598826786560000, 7901152815458020352, 5509039050139199488),
('2013-01-11 17:27:00', 4125, 0, 33000253, 240, 21, 5, 1000, 24, '11B', 240210000000013, 7302598826786560000, 7901152815458020352, 5509039050139199488),
('2013-01-11 17:28:00', 4098, 1, 21060800, 344, 930, 5, 1000, 1, '11B', 344930000000011, 7302598826786560000, 7901152815458020352, 5509039050139199488),
('2013-01-11 17:28:00', 4097, 1, 21060800, 344, 930, 5, 1000, 13, '11B', 344930000000011, 7302598826786560000, 7901152815458020352, 5509039050139199488),
('2013-01-11 17:28:00', 4106, 1, 21060800, 344, 930, 5, 1000, 12, '11B', 344930000000011, 7302598826786560000, 7901152815458020352, 5509039050139199488),
('2013-01-11 17:28:00', 4099, NULL, 21060800, 344, 930, 5, 1000, 0, '11B', 344930000000011, 7302598826786560000, 7901152815458020352, 5509039050139199488),
('2013-01-11 17:28:00', 4125, 0, 21060800, 344, 930, 5, 1000, 24, '11B', 344930000000011, 7302598826786560000, 7901152815458020352, 5509039050139199488),
('2013-01-11 17:29:00', 4098, 1, 33000153, 310, 560, 5, 1000, 1, '11B', 310560000000012, 7302598826786560000, 7901152815458020352, 5509039050139199488),
('2013-01-11 17:29:00', 4097, 1, 33000153, 310, 560, 5, 1000, 11, '11B', 310560000000012, 7302598826786560000, 7901152815458020352, 5509039050139199488),
('2013-01-11 17:29:00', 4106, 1, 33000153, 310, 560, 5, 1000, 12, '11B', 310560000000012, 7302598826786560000, 7901152815458020352, 5509039050139199488),
('2013-01-11 17:29:00', 4099, NULL, 33000153, 310, 560, 5, 1000, 0, '11B', 310560000000012, 7302598826786560000, 7901152815458020352, 5509039050139199488),
('2013-01-11 17:29:00', 4125, 0, 33000153, 310, 560, 5, 1000, 24, '11B', 310560000000012, 7302598826786560000, 7901152815458020352, 5509039050139199488),
('2013-01-11 17:25:00', 4098, 1, 33000253, 240, 21, 5, 1000, 1, '11B', 240210000000013, 7302598826786560000, 7901152815458020352, 5509039050139199488),
('2013-01-11 17:25:00', 4097, 1, 33000253, 240, 21, 5, 1000, 10, '11B', 240210000000013, 7302598826786560000, 7901152815458020352, 5509039050139199488),
('2013-01-11 17:25:00', 4106, 1, 33000253, 240, 21, 5, 1000, 12, '11B', 240210000000013, 7302598826786560000, 7901152815458020352, 5509039050139199488),
('2013-01-11 17:25:00', 4099, NULL, 33000253, 240, 21, 5, 1000, 0, '11B', 240210000000013, 7302598826786560000, 7901152815458020352, 5509039050139199488),
('2013-01-11 17:25:00', 4125, 0, 33000253, 240, 21, 5, 1000, 24, '11B', 240210000000013, 7302598826786560000, 7901152815458020352, 5509039050139199488),
('2013-01-11 17:26:00', 4098, 1, 21060800, 344, 930, 5, 1000, 1, '11B', 344930000000011, 7302598826786560000, 7901152815458020352, 5509039050139199488),
('2013-01-11 17:26:00', 4097, 1, 21060800, 344, 930, 5, 1000, 13, '11B', 344930000000011, 7302598826786560000, 7901152815458020352, 5509039050139199488),
('2013-01-11 17:26:00', 4106, 1, 21060800, 344, 930, 5, 1000, 12, '11B', 344930000000011, 7302598826786560000, 7901152815458020352, 5509039050139199488),
('2013-01-11 17:26:00', 4099, NULL, 21060800, 344, 930, 5, 1000, 0, '11B', 344930000000011, 7302598826786560000, 7901152815458020352, 5509039050139199488),
('2013-01-11 17:26:00', 4125, 0, 21060800, 344, 930, 5, 1000, 24, '11B', 344930000000011, 7302598826786560000, 7901152815458020352, 5509039050139199488),
('2013-01-11 17:27:00', 4098, 1, 33000153, 310, 560, 5, 1000, 1, '11B', 310560000000012, 7302598826786560000, 7901152815458020352, 5509039050139199488),
('2013-01-11 17:27:00', 4097, 1, 33000153, 310, 560, 5, 1000, 13, '11B', 310560000000012, 7302598826786560000, 7901152815458020352, 5509039050139199488),
('2013-01-11 17:27:00', 4106, 1, 33000153, 310, 560, 5, 1000, 12, '11B', 310560000000012, 7302598826786560000, 7901152815458020352, 5509039050139199488),
('2013-01-11 17:27:00', 4099, NULL, 33000153, 310, 560, 5, 1000, 0, '11B', 310560000000012, 7302598826786560000, 7901152815458020352, 5509039050139199488),
('2013-01-11 17:27:00', 4125, 0, 33000153, 310, 560, 5, 1000, 24, '11B', 310560000000012, 7302598826786560000, 7901152815458020352, 5509039050139199488),
('2013-01-11 17:28:00', 4098, 1, 33000253, 240, 21, 5, 1000, 1, '11B', 240210000000013, 7302598826786560000, 7901152815458020352, 5509039050139199488),
('2013-01-11 17:28:00', 4097, 1, 33000253, 240, 21, 5, 1000, 13, '11B', 240210000000013, 7302598826786560000, 7901152815458020352, 5509039050139199488),
('2013-01-11 17:28:00', 4106, 1, 33000253, 240, 21, 5, 1000, 12, '11B', 240210000000013, 7302598826786560000, 7901152815458020352, 5509039050139199488),
('2013-01-11 17:28:00', 4099, NULL, 33000253, 240, 21, 5, 1000, 0, '11B', 240210000000013, 7302598826786560000, 7901152815458020352, 5509039050139199488),
('2013-01-11 17:28:00', 4125, 0, 33000253, 240, 21, 5, 1000, 24, '11B', 240210000000013, 7302598826786560000, 7901152815458020352, 5509039050139199488),
('2013-01-11 17:29:00', 4098, 1, 21060800, 344, 930, 5, 1000, 1, '11B', 344930000000011, 7302598826786560000, 7901152815458020352, 5509039050139199488),
('2013-01-11 17:29:00', 4097, 1, 21060800, 344, 930, 5, 1000, 11, '11B', 344930000000011, 7302598826786560000, 7901152815458020352, 5509039050139199488),
('2013-01-11 17:29:00', 4106, 1, 21060800, 344, 930, 5, 1000, 12, '11B', 344930000000011, 7302598826786560000, 7901152815458020352, 5509039050139199488),
('2013-01-11 17:29:00', 4099, NULL, 21060800, 344, 930, 5, 1000, 0, '11B', 344930000000011, 7302598826786560000, 7901152815458020352, 5509039050139199488),
('2013-01-11 17:29:00', 4125, 0, 21060800, 344, 930, 5, 1000, 24, '11B', 344930000000011, 7302598826786560000, 7901152815458020352, 5509039050139199488),
('2013-01-11 17:30:00', 4098, 1, 21060800, 344, 930, 5, 1000, 1, '11B', 344930000000011, 7302598826786560000, 7901152815458020352, 5509039050139199488),
('2013-01-11 17:30:00', 4097, 1, 21060800, 344, 930, 5, 1000, 13, '11B', 344930000000011, 7302598826786560000, 7901152815458020352, 5509039050139199488),
('2013-01-11 17:30:00', 4106, 1, 21060800, 344, 930, 5, 1000, 12, '11B', 344930000000011, 7302598826786560000, 7901152815458020352, 5509039050139199488),
('2013-01-11 17:30:00', 4099, NULL, 21060800, 344, 930, 5, 1000, 0, '11B', 344930000000011, 7302598826786560000, 7901152815458020352, 5509039050139199488),
('2013-01-11 17:30:00', 4125, 0, 21060800, 344, 930, 5, 1000, 24, '11B', 344930000000011, 7302598826786560000, 7901152815458020352, 5509039050139199488),
('2013-01-11 17:31:00', 4098, 1, 33000153, 310, 560, 5, 1000, 1, '11B', 310560000000012, 7302598826786560000, 7901152815458020352, 5509039050139199488),
('2013-01-11 17:31:00', 4097, 1, 33000153, 310, 560, 5, 1000, 9, '11B', 310560000000012, 7302598826786560000, 7901152815458020352, 5509039050139199488),
('2013-01-11 17:31:00', 4106, 1, 33000153, 310, 560, 5, 1000, 12, '11B', 310560000000012, 7302598826786560000, 7901152815458020352, 5509039050139199488),
('2013-01-11 17:31:00', 4099, NULL, 33000153, 310, 560, 5, 1000, 0, '11B', 310560000000012, 7302598826786560000, 7901152815458020352, 5509039050139199488),
('2013-01-11 17:31:00', 4125, 0, 33000153, 310, 560, 5, 1000, 24, '11B', 310560000000012, 7302598826786560000, 7901152815458020352, 5509039050139199488),
('2013-01-11 17:32:00', 4098, 1, 33000253, 240, 21, 5, 1000, 1, '11B', 240210000000013, 7302598826786560000, 7901152815458020352, 5509039050139199488),
('2013-01-11 17:32:00', 4097, 1, 33000253, 240, 21, 5, 1000, 10, '11B', 240210000000013, 7302598826786560000, 7901152815458020352, 5509039050139199488),
('2013-01-11 17:32:00', 4106, 1, 33000253, 240, 21, 5, 1000, 12, '11B', 240210000000013, 7302598826786560000, 7901152815458020352, 5509039050139199488),
('2013-01-11 17:32:00', 4099, NULL, 33000253, 240, 21, 5, 1000, 0, '11B', 240210000000013, 7302598826786560000, 7901152815458020352, 5509039050139199488),
('2013-01-11 17:32:00', 4125, 0, 33000253, 240, 21, 5, 1000, 24, '11B', 240210000000013, 7302598826786560000, 7901152815458020352, 5509039050139199488),
('2013-01-11 17:33:00', 4098, 1, 21060800, 344, 930, 5, 1000, 1, '11B', 344930000000011, 7302598826786560000, 7901152815458020352, 5509039050139199488),
('2013-01-11 17:33:00', 4097, 1, 21060800, 344, 930, 5, 1000, 12, '11B', 344930000000011, 7302598826786560000, 7901152815458020352, 5509039050139199488),
('2013-01-11 17:33:00', 4106, 1, 21060800, 344, 930, 5, 1000, 12, '11B', 344930000000011, 7302598826786560000, 7901152815458020352, 5509039050139199488),
('2013-01-11 17:33:00', 4099, NULL, 21060800, 344, 930, 5, 1000, 0, '11B', 344930000000011, 7302598826786560000, 7901152815458020352, 5509039050139199488),
('2013-01-11 17:33:00', 4125, 0, 21060800, 344, 930, 5, 1000, 24, '11B', 344930000000011, 7302598826786560000, 7901152815458020352, 5509039050139199488),
('2013-01-11 17:34:00', 4098, 1, 33000153, 310, 560, 5, 1000, 1, '11B', 310560000000012, 7302598826786560000, 7901152815458020352, 5509039050139199488),
('2013-01-11 17:34:00', 4097, 1, 33000153, 310, 560, 5, 1000, 12, '11B', 310560000000012, 7302598826786560000, 7901152815458020352, 5509039050139199488),
('2013-01-11 17:34:00', 4106, 1, 33000153, 310, 560, 5, 1000, 12, '11B', 310560000000012, 7302598826786560000, 7901152815458020352, 5509039050139199488),
('2013-01-11 17:34:00', 4099, NULL, 33000153, 310, 560, 5, 1000, 0, '11B', 310560000000012, 7302598826786560000, 7901152815458020352, 5509039050139199488),
('2013-01-11 17:34:00', 4125, 0, 33000153, 310, 560, 5, 1000, 24, '11B', 310560000000012, 7302598826786560000, 7901152815458020352, 5509039050139199488),
('2013-01-11 17:30:00', 4098, 1, 33000253, 240, 21, 5, 1000, 1, '11B', 240210000000013, 7302598826786560000, 7901152815458020352, 5509039050139199488),
('2013-01-11 17:30:00', 4097, 1, 33000253, 240, 21, 5, 1000, 10, '11B', 240210000000013, 7302598826786560000, 7901152815458020352, 5509039050139199488),
('2013-01-11 17:30:00', 4106, 1, 33000253, 240, 21, 5, 1000, 12, '11B', 240210000000013, 7302598826786560000, 7901152815458020352, 5509039050139199488),
('2013-01-11 17:30:00', 4099, NULL, 33000253, 240, 21, 5, 1000, 0, '11B', 240210000000013, 7302598826786560000, 7901152815458020352, 5509039050139199488),
('2013-01-11 17:30:00', 4125, 0, 33000253, 240, 21, 5, 1000, 24, '11B', 240210000000013, 7302598826786560000, 7901152815458020352, 5509039050139199488),
('2013-01-11 17:31:00', 4098, 1, 21060800, 344, 930, 5, 1000, 1, '11B', 344930000000011, 7302598826786560000, 7901152815458020352, 5509039050139199488),
('2013-01-11 17:31:00', 4097, 1, 21060800, 344, 930, 5, 1000, 13, '11B', 344930000000011, 7302598826786560000, 7901152815458020352, 5509039050139199488),
('2013-01-11 17:31:00', 4106, 1, 21060800, 344, 930, 5, 1000, 12, '11B', 344930000000011, 7302598826786560000, 7901152815458020352, 5509039050139199488),
('2013-01-11 17:31:00', 4099, NULL, 21060800, 344, 930, 5, 1000, 0, '11B', 344930000000011, 7302598826786560000, 7901152815458020352, 5509039050139199488),
('2013-01-11 17:31:00', 4125, 0, 21060800, 344, 930, 5, 1000, 24, '11B', 344930000000011, 7302598826786560000, 7901152815458020352, 5509039050139199488),
('2013-01-11 17:32:00', 4098, 1, 33000153, 310, 560, 5, 1000, 1, '11B', 310560000000012, 7302598826786560000, 7901152815458020352, 5509039050139199488),
('2013-01-11 17:32:00', 4097, 1, 33000153, 310, 560, 5, 1000, 12, '11B', 310560000000012, 7302598826786560000, 7901152815458020352, 5509039050139199488),
('2013-01-11 17:32:00', 4106, 1, 33000153, 310, 560, 5, 1000, 12, '11B', 310560000000012, 7302598826786560000, 7901152815458020352, 5509039050139199488),
('2013-01-11 17:32:00', 4099, NULL, 33000153, 310, 560, 5, 1000, 0, '11B', 310560000000012, 7302598826786560000, 7901152815458020352, 5509039050139199488),
('2013-01-11 17:32:00', 4125, 0, 33000153, 310, 560, 5, 1000, 24, '11B', 310560000000012, 7302598826786560000, 7901152815458020352, 5509039050139199488),
('2013-01-11 17:33:00', 4098, 1, 33000253, 240, 21, 5, 1000, 1, '11B', 240210000000013, 7302598826786560000, 7901152815458020352, 5509039050139199488),
('2013-01-11 17:33:00', 4097, 1, 33000253, 240, 21, 5, 1000, 11, '11B', 240210000000013, 7302598826786560000, 7901152815458020352, 5509039050139199488),
('2013-01-11 17:33:00', 4106, 1, 33000253, 240, 21, 5, 1000, 12, '11B', 240210000000013, 7302598826786560000, 7901152815458020352, 5509039050139199488),
('2013-01-11 17:33:00', 4099, NULL, 33000253, 240, 21, 5, 1000, 0, '11B', 240210000000013, 7302598826786560000, 7901152815458020352, 5509039050139199488),
('2013-01-11 17:33:00', 4125, 0, 33000253, 240, 21, 5, 1000, 24, '11B', 240210000000013, 7302598826786560000, 7901152815458020352, 5509039050139199488),
('2013-01-11 17:34:00', 4098, 1, 21060800, 344, 930, 5, 1000, 1, '11B', 344930000000011, 7302598826786560000, 7901152815458020352, 5509039050139199488),
('2013-01-11 17:34:00', 4097, 1, 21060800, 344, 930, 5, 1000, 13, '11B', 344930000000011, 7302598826786560000, 7901152815458020352, 5509039050139199488),
('2013-01-11 17:34:00', 4106, 1, 21060800, 344, 930, 5, 1000, 12, '11B', 344930000000011, 7302598826786560000, 7901152815458020352, 5509039050139199488),
('2013-01-11 17:34:00', 4099, NULL, 21060800, 344, 930, 5, 1000, 0, '11B', 344930000000011, 7302598826786560000, 7901152815458020352, 5509039050139199488),
('2013-01-11 17:34:00', 4125, 0, 21060800, 344, 930, 5, 1000, 24, '11B', 344930000000011, 7302598826786560000, 7901152815458020352, 5509039050139199488),
('2013-01-11 17:35:00', 4098, 1, 21060800, 344, 930, 5, 1000, 1, '11B', 344930000000011, 7302598826786560000, 7901152815458020352, 5509039050139199488),
('2013-01-11 17:35:00', 4097, 1, 21060800, 344, 930, 5, 1000, 9, '11B', 344930000000011, 7302598826786560000, 7901152815458020352, 5509039050139199488),
('2013-01-11 17:35:00', 4106, 1, 21060800, 344, 930, 5, 1000, 12, '11B', 344930000000011, 7302598826786560000, 7901152815458020352, 5509039050139199488),
('2013-01-11 17:35:00', 4099, NULL, 21060800, 344, 930, 5, 1000, 0, '11B', 344930000000011, 7302598826786560000, 7901152815458020352, 5509039050139199488),
('2013-01-11 17:35:00', 4125, 0, 21060800, 344, 930, 5, 1000, 24, '11B', 344930000000011, 7302598826786560000, 7901152815458020352, 5509039050139199488),
('2013-01-11 17:36:00', 4098, 1, 33000153, 310, 560, 5, 1000, 1, '11B', 310560000000012, 7302598826786560000, 7901152815458020352, 5509039050139199488),
('2013-01-11 17:36:00', 4097, 1, 33000153, 310, 560, 5, 1000, 9, '11B', 310560000000012, 7302598826786560000, 7901152815458020352, 5509039050139199488),
('2013-01-11 17:36:00', 4106, 1, 33000153, 310, 560, 5, 1000, 12, '11B', 310560000000012, 7302598826786560000, 7901152815458020352, 5509039050139199488),
('2013-01-11 17:36:00', 4099, NULL, 33000153, 310, 560, 5, 1000, 0, '11B', 310560000000012, 7302598826786560000, 7901152815458020352, 5509039050139199488),
('2013-01-11 17:36:00', 4125, 0, 33000153, 310, 560, 5, 1000, 24, '11B', 310560000000012, 7302598826786560000, 7901152815458020352, 5509039050139199488),
('2013-01-11 17:37:00', 4098, 1, 33000253, 240, 21, 5, 1000, 1, '11B', 240210000000013, 7302598826786560000, 7901152815458020352, 5509039050139199488),
('2013-01-11 17:37:00', 4097, 1, 33000253, 240, 21, 5, 1000, 13, '11B', 240210000000013, 7302598826786560000, 7901152815458020352, 5509039050139199488),
('2013-01-11 17:37:00', 4106, 1, 33000253, 240, 21, 5, 1000, 12, '11B', 240210000000013, 7302598826786560000, 7901152815458020352, 5509039050139199488),
('2013-01-11 17:37:00', 4099, NULL, 33000253, 240, 21, 5, 1000, 0, '11B', 240210000000013, 7302598826786560000, 7901152815458020352, 5509039050139199488),
('2013-01-11 17:37:00', 4125, 0, 33000253, 240, 21, 5, 1000, 24, '11B', 240210000000013, 7302598826786560000, 7901152815458020352, 5509039050139199488),
('2013-01-11 17:38:00', 4098, 1, 21060800, 344, 930, 5, 1000, 1, '11B', 344930000000011, 7302598826786560000, 7901152815458020352, 5509039050139199488),
('2013-01-11 17:38:00', 4097, 1, 21060800, 344, 930, 5, 1000, 12, '11B', 344930000000011, 7302598826786560000, 7901152815458020352, 5509039050139199488),
('2013-01-11 17:38:00', 4106, 1, 21060800, 344, 930, 5, 1000, 12, '11B', 344930000000011, 7302598826786560000, 7901152815458020352, 5509039050139199488),
('2013-01-11 17:38:00', 4099, NULL, 21060800, 344, 930, 5, 1000, 0, '11B', 344930000000011, 7302598826786560000, 7901152815458020352, 5509039050139199488),
('2013-01-11 17:38:00', 4125, 0, 21060800, 344, 930, 5, 1000, 24, '11B', 344930000000011, 7302598826786560000, 7901152815458020352, 5509039050139199488),
('2013-01-11 17:39:00', 4098, 1, 33000153, 310, 560, 5, 1000, 1, '11B', 310560000000012, 7302598826786560000, 7901152815458020352, 5509039050139199488),
('2013-01-11 17:39:00', 4097, 1, 33000153, 310, 560, 5, 1000, 9, '11B', 310560000000012, 7302598826786560000, 7901152815458020352, 5509039050139199488),
('2013-01-11 17:39:00', 4106, 1, 33000153, 310, 560, 5, 1000, 12, '11B', 310560000000012, 7302598826786560000, 7901152815458020352, 5509039050139199488),
('2013-01-11 17:39:00', 4099, NULL, 33000153, 310, 560, 5, 1000, 0, '11B', 310560000000012, 7302598826786560000, 7901152815458020352, 5509039050139199488),
('2013-01-11 17:39:00', 4125, 0, 33000153, 310, 560, 5, 1000, 24, '11B', 310560000000012, 7302598826786560000, 7901152815458020352, 5509039050139199488),
('2013-01-11 17:35:00', 4098, 1, 33000253, 240, 21, 5, 1000, 1, '11B', 240210000000013, 7302598826786560000, 7901152815458020352, 5509039050139199488),
('2013-01-11 17:35:00', 4097, 1, 33000253, 240, 21, 5, 1000, 13, '11B', 240210000000013, 7302598826786560000, 7901152815458020352, 5509039050139199488),
('2013-01-11 17:35:00', 4106, 1, 33000253, 240, 21, 5, 1000, 12, '11B', 240210000000013, 7302598826786560000, 7901152815458020352, 5509039050139199488),
('2013-01-11 17:35:00', 4099, NULL, 33000253, 240, 21, 5, 1000, 0, '11B', 240210000000013, 7302598826786560000, 7901152815458020352, 5509039050139199488),
('2013-01-11 17:35:00', 4125, 0, 33000253, 240, 21, 5, 1000, 25, '11B', 240210000000013, 7302598826786560000, 7901152815458020352, 5509039050139199488),
('2013-01-11 17:36:00', 4098, 1, 21060800, 344, 930, 5, 1000, 1, '11B', 344930000000011, 7302598826786560000, 7901152815458020352, 5509039050139199488),
('2013-01-11 17:36:00', 4097, 1, 21060800, 344, 930, 5, 1000, 10, '11B', 344930000000011, 7302598826786560000, 7901152815458020352, 5509039050139199488),
('2013-01-11 17:36:00', 4106, 1, 21060800, 344, 930, 5, 1000, 12, '11B', 344930000000011, 7302598826786560000, 7901152815458020352, 5509039050139199488),
('2013-01-11 17:36:00', 4099, NULL, 21060800, 344, 930, 5, 1000, 0, '11B', 344930000000011, 7302598826786560000, 7901152815458020352, 5509039050139199488),
('2013-01-11 17:36:00', 4125, 0, 21060800, 344, 930, 5, 1000, 25, '11B', 344930000000011, 7302598826786560000, 7901152815458020352, 5509039050139199488),
('2013-01-11 17:37:00', 4098, 1, 33000153, 310, 560, 5, 1000, 1, '11B', 310560000000012, 7302598826786560000, 7901152815458020352, 5509039050139199488),
('2013-01-11 17:37:00', 4097, 1, 33000153, 310, 560, 5, 1000, 10, '11B', 310560000000012, 7302598826786560000, 7901152815458020352, 5509039050139199488),
('2013-01-11 17:37:00', 4106, 1, 33000153, 310, 560, 5, 1000, 12, '11B', 310560000000012, 7302598826786560000, 7901152815458020352, 5509039050139199488),
('2013-01-11 17:37:00', 4099, NULL, 33000153, 310, 560, 5, 1000, 0, '11B', 310560000000012, 7302598826786560000, 7901152815458020352, 5509039050139199488),
('2013-01-11 17:37:00', 4125, 0, 33000153, 310, 560, 5, 1000, 25, '11B', 310560000000012, 7302598826786560000, 7901152815458020352, 5509039050139199488),
('2013-01-11 17:38:00', 4098, 1, 33000253, 240, 21, 5, 1000, 1, '11B', 240210000000013, 7302598826786560000, 7901152815458020352, 5509039050139199488),
('2013-01-11 17:38:00', 4097, 1, 33000253, 240, 21, 5, 1000, 10, '11B', 240210000000013, 7302598826786560000, 7901152815458020352, 5509039050139199488),
('2013-01-11 17:38:00', 4106, 1, 33000253, 240, 21, 5, 1000, 12, '11B', 240210000000013, 7302598826786560000, 7901152815458020352, 5509039050139199488),
('2013-01-11 17:38:00', 4099, NULL, 33000253, 240, 21, 5, 1000, 0, '11B', 240210000000013, 7302598826786560000, 7901152815458020352, 5509039050139199488),
('2013-01-11 17:38:00', 4125, 0, 33000253, 240, 21, 5, 1000, 25, '11B', 240210000000013, 7302598826786560000, 7901152815458020352, 5509039050139199488),
('2013-01-11 17:39:00', 4098, 1, 21060800, 344, 930, 5, 1000, 1, '11B', 344930000000011, 7302598826786560000, 7901152815458020352, 5509039050139199488),
('2013-01-11 17:39:00', 4097, 1, 21060800, 344, 930, 5, 1000, 11, '11B', 344930000000011, 7302598826786560000, 7901152815458020352, 5509039050139199488),
('2013-01-11 17:39:00', 4106, 1, 21060800, 344, 930, 5, 1000, 12, '11B', 344930000000011, 7302598826786560000, 7901152815458020352, 5509039050139199488),
('2013-01-11 17:39:00', 4099, NULL, 21060800, 344, 930, 5, 1000, 0, '11B', 344930000000011, 7302598826786560000, 7901152815458020352, 5509039050139199488),
('2013-01-11 17:39:00', 4125, 0, 21060800, 344, 930, 5, 1000, 25, '11B', 344930000000011, 7302598826786560000, 7901152815458020352, 5509039050139199488),
('2013-01-11 17:15:00', 4098, 1, 21060800, 344, 930, 3842, 1000, 1, '11B', 344930000000011, 229001099943031008, 4970937722532610048, 6079299740152729600),
('2013-01-11 17:15:00', 4097, 1, 21060800, 344, 930, 3842, 1000, 9, '11B', 344930000000011, 229001099943031008, 4970937722532610048, 6079299740152729600),
('2013-01-11 17:15:00', 4106, 1, 21060800, 344, 930, 3842, 1000, 12, '11B', 344930000000011, 229001099943031008, 4970937722532610048, 6079299740152729600),
('2013-01-11 17:15:00', 4099, NULL, 21060800, 344, 930, 3842, 1000, 0, '11B', 344930000000011, 229001099943031008, 4970937722532610048, 6079299740152729600),
('2013-01-11 17:15:00', 4125, 0, 21060800, 344, 930, 3842, 1000, 25, '11B', 344930000000011, 229001099943031008, 4970937722532610048, 6079299740152729600),
('2013-01-11 17:16:00', 4098, 1, 33000153, 310, 560, 3842, 1000, 1, '11B', 310560000000012, 229001099943031008, 4970937722532610048, 6079299740152729600),
('2013-01-11 17:16:00', 4097, 1, 33000153, 310, 560, 3842, 1000, 11, '11B', 310560000000012, 229001099943031008, 4970937722532610048, 6079299740152729600),
('2013-01-11 17:16:00', 4106, 1, 33000153, 310, 560, 3842, 1000, 12, '11B', 310560000000012, 229001099943031008, 4970937722532610048, 6079299740152729600),
('2013-01-11 17:16:00', 4099, NULL, 33000153, 310, 560, 3842, 1000, 0, '11B', 310560000000012, 229001099943031008, 4970937722532610048, 6079299740152729600),
('2013-01-11 17:16:00', 4125, 0, 33000153, 310, 560, 3842, 1000, 25, '11B', 310560000000012, 229001099943031008, 4970937722532610048, 6079299740152729600),
('2013-01-11 17:17:00', 4098, 1, 33000253, 240, 21, 3842, 1000, 1, '11B', 240210000000013, 229001099943031008, 4970937722532610048, 6079299740152729600),
('2013-01-11 17:17:00', 4097, 1, 33000253, 240, 21, 3842, 1000, 10, '11B', 240210000000013, 229001099943031008, 4970937722532610048, 6079299740152729600),
('2013-01-11 17:17:00', 4106, 1, 33000253, 240, 21, 3842, 1000, 12, '11B', 240210000000013, 229001099943031008, 4970937722532610048, 6079299740152729600),
('2013-01-11 17:17:00', 4099, NULL, 33000253, 240, 21, 3842, 1000, 0, '11B', 240210000000013, 229001099943031008, 4970937722532610048, 6079299740152729600),
('2013-01-11 17:17:00', 4125, 0, 33000253, 240, 21, 3842, 1000, 25, '11B', 240210000000013, 229001099943031008, 4970937722532610048, 6079299740152729600),
('2013-01-11 17:18:00', 4098, 1, 21060800, 344, 930, 3842, 1000, 1, '11B', 344930000000011, 229001099943031008, 4970937722532610048, 6079299740152729600),
('2013-01-11 17:18:00', 4097, 1, 21060800, 344, 930, 3842, 1000, 9, '11B', 344930000000011, 229001099943031008, 4970937722532610048, 6079299740152729600),
('2013-01-11 17:18:00', 4106, 1, 21060800, 344, 930, 3842, 1000, 12, '11B', 344930000000011, 229001099943031008, 4970937722532610048, 6079299740152729600),
('2013-01-11 17:18:00', 4099, NULL, 21060800, 344, 930, 3842, 1000, 0, '11B', 344930000000011, 229001099943031008, 4970937722532610048, 6079299740152729600),
('2013-01-11 17:18:00', 4125, 0, 21060800, 344, 930, 3842, 1000, 25, '11B', 344930000000011, 229001099943031008, 4970937722532610048, 6079299740152729600),
('2013-01-11 17:19:00', 4098, 1, 33000153, 310, 560, 3842, 1000, 1, '11B', 310560000000012, 229001099943031008, 4970937722532610048, 6079299740152729600),
('2013-01-11 17:19:00', 4097, 1, 33000153, 310, 560, 3842, 1000, 13, '11B', 310560000000012, 229001099943031008, 4970937722532610048, 6079299740152729600),
('2013-01-11 17:19:00', 4106, 1, 33000153, 310, 560, 3842, 1000, 12, '11B', 310560000000012, 229001099943031008, 4970937722532610048, 6079299740152729600),
('2013-01-11 17:19:00', 4099, NULL, 33000153, 310, 560, 3842, 1000, 0, '11B', 310560000000012, 229001099943031008, 4970937722532610048, 6079299740152729600),
('2013-01-11 17:19:00', 4125, 0, 33000153, 310, 560, 3842, 1000, 25, '11B', 310560000000012, 229001099943031008, 4970937722532610048, 6079299740152729600),
('2013-01-11 17:15:00', 4098, 1, 33000253, 240, 21, 3842, 1000, 1, '11B', 240210000000013, 229001099943031008, 4970937722532610048, 6079299740152729600),
('2013-01-11 17:15:00', 4097, 1, 33000253, 240, 21, 3842, 1000, 11, '11B', 240210000000013, 229001099943031008, 4970937722532610048, 6079299740152729600),
('2013-01-11 17:15:00', 4106, 1, 33000253, 240, 21, 3842, 1000, 12, '11B', 240210000000013, 229001099943031008, 4970937722532610048, 6079299740152729600),
('2013-01-11 17:15:00', 4099, NULL, 33000253, 240, 21, 3842, 1000, 0, '11B', 240210000000013, 229001099943031008, 4970937722532610048, 6079299740152729600),
('2013-01-11 17:15:00', 4125, 0, 33000253, 240, 21, 3842, 1000, 25, '11B', 240210000000013, 229001099943031008, 4970937722532610048, 6079299740152729600),
('2013-01-11 17:16:00', 4098, 1, 21060800, 344, 930, 3842, 1000, 1, '11B', 344930000000011, 229001099943031008, 4970937722532610048, 6079299740152729600),
('2013-01-11 17:16:00', 4097, 1, 21060800, 344, 930, 3842, 1000, 9, '11B', 344930000000011, 229001099943031008, 4970937722532610048, 6079299740152729600),
('2013-01-11 17:16:00', 4106, 1, 21060800, 344, 930, 3842, 1000, 12, '11B', 344930000000011, 229001099943031008, 4970937722532610048, 6079299740152729600),
('2013-01-11 17:16:00', 4099, NULL, 21060800, 344, 930, 3842, 1000, 0, '11B', 344930000000011, 229001099943031008, 4970937722532610048, 6079299740152729600),
('2013-01-11 17:16:00', 4125, 0, 21060800, 344, 930, 3842, 1000, 25, '11B', 344930000000011, 229001099943031008, 4970937722532610048, 6079299740152729600),
('2013-01-11 17:17:00', 4098, 1, 33000153, 310, 560, 3842, 1000, 1, '11B', 310560000000012, 229001099943031008, 4970937722532610048, 6079299740152729600),
('2013-01-11 17:17:00', 4097, 1, 33000153, 310, 560, 3842, 1000, 10, '11B', 310560000000012, 229001099943031008, 4970937722532610048, 6079299740152729600),
('2013-01-11 17:17:00', 4106, 1, 33000153, 310, 560, 3842, 1000, 12, '11B', 310560000000012, 229001099943031008, 4970937722532610048, 6079299740152729600),
('2013-01-11 17:17:00', 4099, NULL, 33000153, 310, 560, 3842, 1000, 0, '11B', 310560000000012, 229001099943031008, 4970937722532610048, 6079299740152729600),
('2013-01-11 17:17:00', 4125, 0, 33000153, 310, 560, 3842, 1000, 25, '11B', 310560000000012, 229001099943031008, 4970937722532610048, 6079299740152729600),
('2013-01-11 17:18:00', 4098, 1, 33000253, 240, 21, 3842, 1000, 1, '11B', 240210000000013, 229001099943031008, 4970937722532610048, 6079299740152729600),
('2013-01-11 17:18:00', 4097, 1, 33000253, 240, 21, 3842, 1000, 10, '11B', 240210000000013, 229001099943031008, 4970937722532610048, 6079299740152729600),
('2013-01-11 17:18:00', 4106, 1, 33000253, 240, 21, 3842, 1000, 12, '11B', 240210000000013, 229001099943031008, 4970937722532610048, 6079299740152729600),
('2013-01-11 17:18:00', 4099, NULL, 33000253, 240, 21, 3842, 1000, 0, '11B', 240210000000013, 229001099943031008, 4970937722532610048, 6079299740152729600),
('2013-01-11 17:18:00', 4125, 0, 33000253, 240, 21, 3842, 1000, 25, '11B', 240210000000013, 229001099943031008, 4970937722532610048, 6079299740152729600),
('2013-01-11 17:19:00', 4098, 1, 21060800, 344, 930, 3842, 1000, 1, '11B', 344930000000011, 229001099943031008, 4970937722532610048, 6079299740152729600),
('2013-01-11 17:19:00', 4097, 1, 21060800, 344, 930, 3842, 1000, 10, '11B', 344930000000011, 229001099943031008, 4970937722532610048, 6079299740152729600),
('2013-01-11 17:19:00', 4106, 1, 21060800, 344, 930, 3842, 1000, 12, '11B', 344930000000011, 229001099943031008, 4970937722532610048, 6079299740152729600),
('2013-01-11 17:19:00', 4099, NULL, 21060800, 344, 930, 3842, 1000, 0, '11B', 344930000000011, 229001099943031008, 4970937722532610048, 6079299740152729600),
('2013-01-11 17:19:00', 4125, 0, 21060800, 344, 930, 3842, 1000, 25, '11B', 344930000000011, 229001099943031008, 4970937722532610048, 6079299740152729600),
('2013-01-11 17:20:00', 4098, 1, 21060800, 344, 930, 3842, 1000, 1, '11B', 344930000000011, 229001099943031008, 4970937722532610048, 6079299740152729600),
('2013-01-11 17:20:00', 4097, 1, 21060800, 344, 930, 3842, 1000, 13, '11B', 344930000000011, 229001099943031008, 4970937722532610048, 6079299740152729600),
('2013-01-11 17:20:00', 4106, 1, 21060800, 344, 930, 3842, 1000, 12, '11B', 344930000000011, 229001099943031008, 4970937722532610048, 6079299740152729600),
('2013-01-11 17:20:00', 4099, NULL, 21060800, 344, 930, 3842, 1000, 0, '11B', 344930000000011, 229001099943031008, 4970937722532610048, 6079299740152729600),
('2013-01-11 17:20:00', 4125, 0, 21060800, 344, 930, 3842, 1000, 25, '11B', 344930000000011, 229001099943031008, 4970937722532610048, 6079299740152729600),
('2013-01-11 17:21:00', 4098, 1, 33000153, 310, 560, 3842, 1000, 1, '11B', 310560000000012, 229001099943031008, 4970937722532610048, 6079299740152729600),
('2013-01-11 17:21:00', 4097, 1, 33000153, 310, 560, 3842, 1000, 13, '11B', 310560000000012, 229001099943031008, 4970937722532610048, 6079299740152729600),
('2013-01-11 17:21:00', 4106, 1, 33000153, 310, 560, 3842, 1000, 12, '11B', 310560000000012, 229001099943031008, 4970937722532610048, 6079299740152729600),
('2013-01-11 17:21:00', 4099, NULL, 33000153, 310, 560, 3842, 1000, 0, '11B', 310560000000012, 229001099943031008, 4970937722532610048, 6079299740152729600),
('2013-01-11 17:21:00', 4125, 0, 33000153, 310, 560, 3842, 1000, 25, '11B', 310560000000012, 229001099943031008, 4970937722532610048, 6079299740152729600),
('2013-01-11 17:22:00', 4098, 1, 33000253, 240, 21, 3842, 1000, 1, '11B', 240210000000013, 229001099943031008, 4970937722532610048, 6079299740152729600),
('2013-01-11 17:22:00', 4097, 1, 33000253, 240, 21, 3842, 1000, 9, '11B', 240210000000013, 229001099943031008, 4970937722532610048, 6079299740152729600),
('2013-01-11 17:22:00', 4106, 1, 33000253, 240, 21, 3842, 1000, 12, '11B', 240210000000013, 229001099943031008, 4970937722532610048, 6079299740152729600),
('2013-01-11 17:22:00', 4099, NULL, 33000253, 240, 21, 3842, 1000, 0, '11B', 240210000000013, 229001099943031008, 4970937722532610048, 6079299740152729600),
('2013-01-11 17:22:00', 4125, 0, 33000253, 240, 21, 3842, 1000, 25, '11B', 240210000000013, 229001099943031008, 4970937722532610048, 6079299740152729600),
('2013-01-11 17:23:00', 4098, 1, 21060800, 344, 930, 3842, 1000, 1, '11B', 344930000000011, 229001099943031008, 4970937722532610048, 6079299740152729600),
('2013-01-11 17:23:00', 4097, 1, 21060800, 344, 930, 3842, 1000, 9, '11B', 344930000000011, 229001099943031008, 4970937722532610048, 6079299740152729600),
('2013-01-11 17:23:00', 4106, 1, 21060800, 344, 930, 3842, 1000, 12, '11B', 344930000000011, 229001099943031008, 4970937722532610048, 6079299740152729600),
('2013-01-11 17:23:00', 4099, NULL, 21060800, 344, 930, 3842, 1000, 0, '11B', 344930000000011, 229001099943031008, 4970937722532610048, 6079299740152729600),
('2013-01-11 17:23:00', 4125, 0, 21060800, 344, 930, 3842, 1000, 25, '11B', 344930000000011, 229001099943031008, 4970937722532610048, 6079299740152729600),
('2013-01-11 17:24:00', 4098, 1, 33000153, 310, 560, 3842, 1000, 1, '11B', 310560000000012, 229001099943031008, 4970937722532610048, 6079299740152729600),
('2013-01-11 17:24:00', 4097, 1, 33000153, 310, 560, 3842, 1000, 11, '11B', 310560000000012, 229001099943031008, 4970937722532610048, 6079299740152729600),
('2013-01-11 17:24:00', 4106, 1, 33000153, 310, 560, 3842, 1000, 12, '11B', 310560000000012, 229001099943031008, 4970937722532610048, 6079299740152729600),
('2013-01-11 17:24:00', 4099, NULL, 33000153, 310, 560, 3842, 1000, 0, '11B', 310560000000012, 229001099943031008, 4970937722532610048, 6079299740152729600),
('2013-01-11 17:24:00', 4125, 0, 33000153, 310, 560, 3842, 1000, 25, '11B', 310560000000012, 229001099943031008, 4970937722532610048, 6079299740152729600),
('2013-01-11 17:20:00', 4098, 1, 33000253, 240, 21, 3842, 1000, 1, '11B', 240210000000013, 229001099943031008, 4970937722532610048, 6079299740152729600),
('2013-01-11 17:20:00', 4097, 1, 33000253, 240, 21, 3842, 1000, 13, '11B', 240210000000013, 229001099943031008, 4970937722532610048, 6079299740152729600),
('2013-01-11 17:20:00', 4106, 1, 33000253, 240, 21, 3842, 1000, 12, '11B', 240210000000013, 229001099943031008, 4970937722532610048, 6079299740152729600),
('2013-01-11 17:20:00', 4099, NULL, 33000253, 240, 21, 3842, 1000, 0, '11B', 240210000000013, 229001099943031008, 4970937722532610048, 6079299740152729600),
('2013-01-11 17:20:00', 4125, 0, 33000253, 240, 21, 3842, 1000, 25, '11B', 240210000000013, 229001099943031008, 4970937722532610048, 6079299740152729600),
('2013-01-11 17:21:00', 4098, 1, 21060800, 344, 930, 3842, 1000, 1, '11B', 344930000000011, 229001099943031008, 4970937722532610048, 6079299740152729600),
('2013-01-11 17:21:00', 4097, 1, 21060800, 344, 930, 3842, 1000, 13, '11B', 344930000000011, 229001099943031008, 4970937722532610048, 6079299740152729600),
('2013-01-11 17:21:00', 4106, 1, 21060800, 344, 930, 3842, 1000, 12, '11B', 344930000000011, 229001099943031008, 4970937722532610048, 6079299740152729600),
('2013-01-11 17:21:00', 4099, NULL, 21060800, 344, 930, 3842, 1000, 0, '11B', 344930000000011, 229001099943031008, 4970937722532610048, 6079299740152729600),
('2013-01-11 17:21:00', 4125, 0, 21060800, 344, 930, 3842, 1000, 25, '11B', 344930000000011, 229001099943031008, 4970937722532610048, 6079299740152729600),
('2013-01-11 17:22:00', 4098, 1, 33000153, 310, 560, 3842, 1000, 1, '11B', 310560000000012, 229001099943031008, 4970937722532610048, 6079299740152729600),
('2013-01-11 17:22:00', 4097, 1, 33000153, 310, 560, 3842, 1000, 9, '11B', 310560000000012, 229001099943031008, 4970937722532610048, 6079299740152729600),
('2013-01-11 17:22:00', 4106, 1, 33000153, 310, 560, 3842, 1000, 12, '11B', 310560000000012, 229001099943031008, 4970937722532610048, 6079299740152729600),
('2013-01-11 17:22:00', 4099, NULL, 33000153, 310, 560, 3842, 1000, 0, '11B', 310560000000012, 229001099943031008, 4970937722532610048, 6079299740152729600),
('2013-01-11 17:22:00', 4125, 0, 33000153, 310, 560, 3842, 1000, 25, '11B', 310560000000012, 229001099943031008, 4970937722532610048, 6079299740152729600),
('2013-01-11 17:23:00', 4098, 1, 33000253, 240, 21, 3842, 1000, 1, '11B', 240210000000013, 229001099943031008, 4970937722532610048, 6079299740152729600),
('2013-01-11 17:23:00', 4097, 1, 33000253, 240, 21, 3842, 1000, 10, '11B', 240210000000013, 229001099943031008, 4970937722532610048, 6079299740152729600),
('2013-01-11 17:23:00', 4106, 1, 33000253, 240, 21, 3842, 1000, 12, '11B', 240210000000013, 229001099943031008, 4970937722532610048, 6079299740152729600),
('2013-01-11 17:23:00', 4099, NULL, 33000253, 240, 21, 3842, 1000, 0, '11B', 240210000000013, 229001099943031008, 4970937722532610048, 6079299740152729600),
('2013-01-11 17:23:00', 4125, 0, 33000253, 240, 21, 3842, 1000, 25, '11B', 240210000000013, 229001099943031008, 4970937722532610048, 6079299740152729600),
('2013-01-11 17:24:00', 4098, 1, 21060800, 344, 930, 3842, 1000, 1, '11B', 344930000000011, 229001099943031008, 4970937722532610048, 6079299740152729600),
('2013-01-11 17:24:00', 4097, 1, 21060800, 344, 930, 3842, 1000, 12, '11B', 344930000000011, 229001099943031008, 4970937722532610048, 6079299740152729600),
('2013-01-11 17:24:00', 4106, 1, 21060800, 344, 930, 3842, 1000, 12, '11B', 344930000000011, 229001099943031008, 4970937722532610048, 6079299740152729600),
('2013-01-11 17:24:00', 4099, NULL, 21060800, 344, 930, 3842, 1000, 0, '11B', 344930000000011, 229001099943031008, 4970937722532610048, 6079299740152729600),
('2013-01-11 17:24:00', 4125, 0, 21060800, 344, 930, 3842, 1000, 25, '11B', 344930000000011, 229001099943031008, 4970937722532610048, 6079299740152729600),
('2013-01-11 17:25:00', 4098, 1, 21060800, 344, 930, 3842, 1000, 1, '11B', 344930000000011, 229001099943031008, 4970937722532610048, 6079299740152729600),
('2013-01-11 17:25:00', 4097, 1, 21060800, 344, 930, 3842, 1000, 10, '11B', 344930000000011, 229001099943031008, 4970937722532610048, 6079299740152729600),
('2013-01-11 17:25:00', 4106, 1, 21060800, 344, 930, 3842, 1000, 12, '11B', 344930000000011, 229001099943031008, 4970937722532610048, 6079299740152729600);
INSERT INTO `sampledata` (`Date/Time`, `Event_Id`, `Failure_Class`, `UE_Type`, `Market`, `Operator`, `Cell_Id`, `Duration`, `Cause_Code`, `NE_Version`, `IMSI`, `HIER3_Id`, `HIER32_Id`, `HIER321_Id`) VALUES
('2013-01-11 17:25:00', 4099, NULL, 21060800, 344, 930, 3842, 1000, 0, '11B', 344930000000011, 229001099943031008, 4970937722532610048, 6079299740152729600),
('2013-01-11 17:25:00', 4125, 0, 21060800, 344, 930, 3842, 1000, 25, '11B', 344930000000011, 229001099943031008, 4970937722532610048, 6079299740152729600),
('2013-01-11 17:26:00', 4098, 1, 33000153, 310, 560, 3842, 1000, 1, '11B', 310560000000012, 229001099943031008, 4970937722532610048, 6079299740152729600),
('2013-01-11 17:26:00', 4097, 1, 33000153, 310, 560, 3842, 1000, 11, '11B', 310560000000012, 229001099943031008, 4970937722532610048, 6079299740152729600),
('2013-01-11 17:26:00', 4106, 1, 33000153, 310, 560, 3842, 1000, 12, '11B', 310560000000012, 229001099943031008, 4970937722532610048, 6079299740152729600),
('2013-01-11 17:26:00', 4099, NULL, 33000153, 310, 560, 3842, 1000, 0, '11B', 310560000000012, 229001099943031008, 4970937722532610048, 6079299740152729600),
('2013-01-11 17:26:00', 4125, 0, 33000153, 310, 560, 3842, 1000, 25, '11B', 310560000000012, 229001099943031008, 4970937722532610048, 6079299740152729600),
('2013-01-11 17:27:00', 4098, 1, 33000253, 240, 21, 3842, 1000, 1, '11B', 240210000000013, 229001099943031008, 4970937722532610048, 6079299740152729600),
('2013-01-11 17:27:00', 4097, 1, 33000253, 240, 21, 3842, 1000, 11, '11B', 240210000000013, 229001099943031008, 4970937722532610048, 6079299740152729600),
('2013-01-11 17:27:00', 4106, 1, 33000253, 240, 21, 3842, 1000, 12, '11B', 240210000000013, 229001099943031008, 4970937722532610048, 6079299740152729600),
('2013-01-11 17:27:00', 4099, NULL, 33000253, 240, 21, 3842, 1000, 0, '11B', 240210000000013, 229001099943031008, 4970937722532610048, 6079299740152729600),
('2013-01-11 17:27:00', 4125, 0, 33000253, 240, 21, 3842, 1000, 25, '11B', 240210000000013, 229001099943031008, 4970937722532610048, 6079299740152729600),
('2013-01-11 17:28:00', 4098, 1, 21060800, 344, 930, 3842, 1000, 1, '11B', 344930000000011, 229001099943031008, 4970937722532610048, 6079299740152729600),
('2013-01-11 17:28:00', 4097, 1, 21060800, 344, 930, 3842, 1000, 12, '11B', 344930000000011, 229001099943031008, 4970937722532610048, 6079299740152729600),
('2013-01-11 17:28:00', 4106, 1, 21060800, 344, 930, 3842, 1000, 12, '11B', 344930000000011, 229001099943031008, 4970937722532610048, 6079299740152729600),
('2013-01-11 17:28:00', 4099, NULL, 21060800, 344, 930, 3842, 1000, 0, '11B', 344930000000011, 229001099943031008, 4970937722532610048, 6079299740152729600),
('2013-01-11 17:28:00', 4125, 0, 21060800, 344, 930, 3842, 1000, 25, '11B', 344930000000011, 229001099943031008, 4970937722532610048, 6079299740152729600),
('2013-01-11 17:29:00', 4098, 1, 33000153, 310, 560, 3842, 1000, 1, '11B', 310560000000012, 229001099943031008, 4970937722532610048, 6079299740152729600),
('2013-01-11 17:29:00', 4097, 1, 33000153, 310, 560, 3842, 1000, 9, '11B', 310560000000012, 229001099943031008, 4970937722532610048, 6079299740152729600),
('2013-01-11 17:29:00', 4106, 1, 33000153, 310, 560, 3842, 1000, 12, '11B', 310560000000012, 229001099943031008, 4970937722532610048, 6079299740152729600),
('2013-01-11 17:29:00', 4099, NULL, 33000153, 310, 560, 3842, 1000, 0, '11B', 310560000000012, 229001099943031008, 4970937722532610048, 6079299740152729600),
('2013-01-11 17:29:00', 4125, 0, 33000153, 310, 560, 3842, 1000, 25, '11B', 310560000000012, 229001099943031008, 4970937722532610048, 6079299740152729600),
('2013-01-11 17:25:00', 4098, 1, 33000253, 240, 21, 3842, 1000, 1, '11B', 240210000000013, 229001099943031008, 4970937722532610048, 6079299740152729600),
('2013-01-11 17:25:00', 4097, 1, 33000253, 240, 21, 3842, 1000, 13, '11B', 240210000000013, 229001099943031008, 4970937722532610048, 6079299740152729600),
('2013-01-11 17:25:00', 4106, 1, 33000253, 240, 21, 3842, 1000, 12, '11B', 240210000000013, 229001099943031008, 4970937722532610048, 6079299740152729600),
('2013-01-11 17:25:00', 4099, NULL, 33000253, 240, 21, 3842, 1000, 0, '11B', 240210000000013, 229001099943031008, 4970937722532610048, 6079299740152729600),
('2013-01-11 17:25:00', 4125, 0, 33000253, 240, 21, 3842, 1000, 25, '11B', 240210000000013, 229001099943031008, 4970937722532610048, 6079299740152729600),
('2013-01-11 17:26:00', 4098, 1, 21060800, 344, 930, 3842, 1000, 1, '11B', 344930000000011, 229001099943031008, 4970937722532610048, 6079299740152729600),
('2013-01-11 17:26:00', 4097, 1, 21060800, 344, 930, 3842, 1000, 10, '11B', 344930000000011, 229001099943031008, 4970937722532610048, 6079299740152729600),
('2013-01-11 17:26:00', 4106, 1, 21060800, 344, 930, 3842, 1000, 12, '11B', 344930000000011, 229001099943031008, 4970937722532610048, 6079299740152729600),
('2013-01-11 17:26:00', 4099, NULL, 21060800, 344, 930, 3842, 1000, 0, '11B', 344930000000011, 229001099943031008, 4970937722532610048, 6079299740152729600),
('2013-01-11 17:26:00', 4125, 0, 21060800, 344, 930, 3842, 1000, 25, '11B', 344930000000011, 229001099943031008, 4970937722532610048, 6079299740152729600),
('2013-01-11 17:27:00', 4098, 1, 33000153, 310, 560, 3842, 1000, 1, '11B', 310560000000012, 229001099943031008, 4970937722532610048, 6079299740152729600),
('2013-01-11 17:27:00', 4097, 1, 33000153, 310, 560, 3842, 1000, 10, '11B', 310560000000012, 229001099943031008, 4970937722532610048, 6079299740152729600),
('2013-01-11 17:27:00', 4106, 1, 33000153, 310, 560, 3842, 1000, 12, '11B', 310560000000012, 229001099943031008, 4970937722532610048, 6079299740152729600),
('2013-01-11 17:27:00', 4099, NULL, 33000153, 310, 560, 3842, 1000, 0, '11B', 310560000000012, 229001099943031008, 4970937722532610048, 6079299740152729600),
('2013-01-11 17:27:00', 4125, 0, 33000153, 310, 560, 3842, 1000, 25, '11B', 310560000000012, 229001099943031008, 4970937722532610048, 6079299740152729600),
('2013-01-11 17:28:00', 4098, 1, 33000253, 240, 21, 3842, 1000, 1, '11B', 240210000000013, 229001099943031008, 4970937722532610048, 6079299740152729600),
('2013-01-11 17:28:00', 4097, 1, 33000253, 240, 21, 3842, 1000, 10, '11B', 240210000000013, 229001099943031008, 4970937722532610048, 6079299740152729600),
('2013-01-11 17:28:00', 4106, 1, 33000253, 240, 21, 3842, 1000, 12, '11B', 240210000000013, 229001099943031008, 4970937722532610048, 6079299740152729600),
('2013-01-11 17:28:00', 4099, NULL, 33000253, 240, 21, 3842, 1000, 0, '11B', 240210000000013, 229001099943031008, 4970937722532610048, 6079299740152729600),
('2013-01-11 17:28:00', 4125, 0, 33000253, 240, 21, 3842, 1000, 25, '11B', 240210000000013, 229001099943031008, 4970937722532610048, 6079299740152729600),
('2013-01-11 17:29:00', 4098, 1, 21060800, 344, 930, 3842, 1000, 1, '11B', 344930000000011, 229001099943031008, 4970937722532610048, 6079299740152729600),
('2013-01-11 17:29:00', 4097, 1, 21060800, 344, 930, 3842, 1000, 11, '11B', 344930000000011, 229001099943031008, 4970937722532610048, 6079299740152729600),
('2013-01-11 17:29:00', 4106, 1, 21060800, 344, 930, 3842, 1000, 12, '11B', 344930000000011, 229001099943031008, 4970937722532610048, 6079299740152729600),
('2013-01-11 17:29:00', 4099, NULL, 21060800, 344, 930, 3842, 1000, 0, '11B', 344930000000011, 229001099943031008, 4970937722532610048, 6079299740152729600),
('2013-01-11 17:29:00', 4125, 0, 21060800, 344, 930, 3842, 1000, 25, '11B', 344930000000011, 229001099943031008, 4970937722532610048, 6079299740152729600),
('2013-01-11 17:30:00', 4098, 1, 21060800, 344, 930, 3842, 1000, 1, '11B', 344930000000011, 229001099943031008, 4970937722532610048, 6079299740152729600),
('2013-01-11 17:30:00', 4097, 1, 21060800, 344, 930, 3842, 1000, 9, '11B', 344930000000011, 229001099943031008, 4970937722532610048, 6079299740152729600),
('2013-01-11 17:30:00', 4106, 1, 21060800, 344, 930, 3842, 1000, 12, '11B', 344930000000011, 229001099943031008, 4970937722532610048, 6079299740152729600),
('2013-01-11 17:30:00', 4099, NULL, 21060800, 344, 930, 3842, 1000, 0, '11B', 344930000000011, 229001099943031008, 4970937722532610048, 6079299740152729600),
('2013-01-11 17:30:00', 4125, 0, 21060800, 344, 930, 3842, 1000, 25, '11B', 344930000000011, 229001099943031008, 4970937722532610048, 6079299740152729600),
('2013-01-11 17:31:00', 4098, 1, 33000153, 310, 560, 3842, 1000, 1, '11B', 310560000000012, 229001099943031008, 4970937722532610048, 6079299740152729600),
('2013-01-11 17:31:00', 4097, 1, 33000153, 310, 560, 3842, 1000, 9, '11B', 310560000000012, 229001099943031008, 4970937722532610048, 6079299740152729600),
('2013-01-11 17:31:00', 4106, 1, 33000153, 310, 560, 3842, 1000, 12, '11B', 310560000000012, 229001099943031008, 4970937722532610048, 6079299740152729600),
('2013-01-11 17:31:00', 4099, NULL, 33000153, 310, 560, 3842, 1000, 0, '11B', 310560000000012, 229001099943031008, 4970937722532610048, 6079299740152729600),
('2013-01-11 17:31:00', 4125, 0, 33000153, 310, 560, 3842, 1000, 25, '11B', 310560000000012, 229001099943031008, 4970937722532610048, 6079299740152729600),
('2013-01-11 17:32:00', 4098, 1, 33000253, 240, 21, 3842, 1000, 1, '11B', 240210000000013, 229001099943031008, 4970937722532610048, 6079299740152729600),
('2013-01-11 17:32:00', 4097, 1, 33000253, 240, 21, 3842, 1000, 11, '11B', 240210000000013, 229001099943031008, 4970937722532610048, 6079299740152729600),
('2013-01-11 17:32:00', 4106, 1, 33000253, 240, 21, 3842, 1000, 12, '11B', 240210000000013, 229001099943031008, 4970937722532610048, 6079299740152729600),
('2013-01-11 17:32:00', 4099, NULL, 33000253, 240, 21, 3842, 1000, 0, '11B', 240210000000013, 229001099943031008, 4970937722532610048, 6079299740152729600),
('2013-01-11 17:32:00', 4125, 0, 33000253, 240, 21, 3842, 1000, 25, '11B', 240210000000013, 229001099943031008, 4970937722532610048, 6079299740152729600),
('2013-01-11 17:33:00', 4098, 1, 21060800, 344, 930, 3842, 1000, 1, '11B', 344930000000011, 229001099943031008, 4970937722532610048, 6079299740152729600),
('2013-01-11 17:33:00', 4097, 1, 21060800, 344, 930, 3842, 1000, 9, '11B', 344930000000011, 229001099943031008, 4970937722532610048, 6079299740152729600),
('2013-01-11 17:33:00', 4106, 1, 21060800, 344, 930, 3842, 1000, 12, '11B', 344930000000011, 229001099943031008, 4970937722532610048, 6079299740152729600),
('2013-01-11 17:33:00', 4099, NULL, 21060800, 344, 930, 3842, 1000, 0, '11B', 344930000000011, 229001099943031008, 4970937722532610048, 6079299740152729600),
('2013-01-11 17:33:00', 4125, 0, 21060800, 344, 930, 3842, 1000, 25, '11B', 344930000000011, 229001099943031008, 4970937722532610048, 6079299740152729600),
('2013-01-11 17:34:00', 4098, 1, 33000153, 310, 560, 3842, 1000, 1, '11B', 310560000000012, 229001099943031008, 4970937722532610048, 6079299740152729600),
('2013-01-11 17:34:00', 4097, 1, 33000153, 310, 560, 3842, 1000, 9, '11B', 310560000000012, 229001099943031008, 4970937722532610048, 6079299740152729600),
('2013-01-11 17:34:00', 4106, 1, 33000153, 310, 560, 3842, 1000, 12, '11B', 310560000000012, 229001099943031008, 4970937722532610048, 6079299740152729600),
('2013-01-11 17:34:00', 4099, NULL, 33000153, 310, 560, 3842, 1000, 0, '11B', 310560000000012, 229001099943031008, 4970937722532610048, 6079299740152729600),
('2013-01-11 17:34:00', 4125, 0, 33000153, 310, 560, 3842, 1000, 25, '11B', 310560000000012, 229001099943031008, 4970937722532610048, 6079299740152729600),
('2013-01-11 17:30:00', 4098, 1, 33000253, 240, 21, 3842, 1000, 1, '11B', 240210000000013, 229001099943031008, 4970937722532610048, 6079299740152729600),
('2013-01-11 17:30:00', 4097, 1, 33000253, 240, 21, 3842, 1000, 12, '11B', 240210000000013, 229001099943031008, 4970937722532610048, 6079299740152729600),
('2013-01-11 17:30:00', 4106, 1, 33000253, 240, 21, 3842, 1000, 12, '11B', 240210000000013, 229001099943031008, 4970937722532610048, 6079299740152729600),
('2013-01-11 17:30:00', 4099, NULL, 33000253, 240, 21, 3842, 1000, 0, '11B', 240210000000013, 229001099943031008, 4970937722532610048, 6079299740152729600),
('2013-01-11 17:30:00', 4125, 0, 33000253, 240, 21, 3842, 1000, 25, '11B', 240210000000013, 229001099943031008, 4970937722532610048, 6079299740152729600),
('2013-01-11 17:31:00', 4098, 1, 21060800, 344, 930, 3842, 1000, 1, '11B', 344930000000011, 229001099943031008, 4970937722532610048, 6079299740152729600),
('2013-01-11 17:31:00', 4097, 1, 21060800, 344, 930, 3842, 1000, 11, '11B', 344930000000011, 229001099943031008, 4970937722532610048, 6079299740152729600),
('2013-01-11 17:31:00', 4106, 1, 21060800, 344, 930, 3842, 1000, 12, '11B', 344930000000011, 229001099943031008, 4970937722532610048, 6079299740152729600),
('2013-01-11 17:31:00', 4099, NULL, 21060800, 344, 930, 3842, 1000, 0, '11B', 344930000000011, 229001099943031008, 4970937722532610048, 6079299740152729600),
('2013-01-11 17:31:00', 4125, 0, 21060800, 344, 930, 3842, 1000, 25, '11B', 344930000000011, 229001099943031008, 4970937722532610048, 6079299740152729600),
('2013-01-11 17:32:00', 4098, 1, 33000153, 310, 560, 3842, 1000, 1, '11B', 310560000000012, 229001099943031008, 4970937722532610048, 6079299740152729600),
('2013-01-11 17:32:00', 4097, 1, 33000153, 310, 560, 3842, 1000, 12, '11B', 310560000000012, 229001099943031008, 4970937722532610048, 6079299740152729600),
('2013-01-11 17:32:00', 4106, 1, 33000153, 310, 560, 3842, 1000, 12, '11B', 310560000000012, 229001099943031008, 4970937722532610048, 6079299740152729600),
('2013-01-11 17:32:00', 4099, NULL, 33000153, 310, 560, 3842, 1000, 0, '11B', 310560000000012, 229001099943031008, 4970937722532610048, 6079299740152729600),
('2013-01-11 17:32:00', 4125, 0, 33000153, 310, 560, 3842, 1000, 25, '11B', 310560000000012, 229001099943031008, 4970937722532610048, 6079299740152729600),
('2013-01-11 17:33:00', 4098, 1, 33000253, 240, 21, 3842, 1000, 1, '11B', 240210000000013, 229001099943031008, 4970937722532610048, 6079299740152729600),
('2013-01-11 17:33:00', 4097, 1, 33000253, 240, 21, 3842, 1000, 11, '11B', 240210000000013, 229001099943031008, 4970937722532610048, 6079299740152729600),
('2013-01-11 17:33:00', 4106, 1, 33000253, 240, 21, 3842, 1000, 12, '11B', 240210000000013, 229001099943031008, 4970937722532610048, 6079299740152729600),
('2013-01-11 17:33:00', 4099, NULL, 33000253, 240, 21, 3842, 1000, 0, '11B', 240210000000013, 229001099943031008, 4970937722532610048, 6079299740152729600),
('2013-01-11 17:33:00', 4125, 0, 33000253, 240, 21, 3842, 1000, 25, '11B', 240210000000013, 229001099943031008, 4970937722532610048, 6079299740152729600),
('2013-01-11 17:34:00', 4098, 1, 21060800, 344, 930, 3842, 1000, 1, '11B', 344930000000011, 229001099943031008, 4970937722532610048, 6079299740152729600),
('2013-01-11 17:34:00', 4097, 1, 21060800, 344, 930, 3842, 1000, 11, '11B', 344930000000011, 229001099943031008, 4970937722532610048, 6079299740152729600),
('2013-01-11 17:34:00', 4106, 1, 21060800, 344, 930, 3842, 1000, 12, '11B', 344930000000011, 229001099943031008, 4970937722532610048, 6079299740152729600),
('2013-01-11 17:34:00', 4099, NULL, 21060800, 344, 930, 3842, 1000, 0, '11B', 344930000000011, 229001099943031008, 4970937722532610048, 6079299740152729600),
('2013-01-11 17:34:00', 4125, 0, 21060800, 344, 930, 3842, 1000, 25, '11B', 344930000000011, 229001099943031008, 4970937722532610048, 6079299740152729600),
('2013-01-11 17:35:00', 4098, 1, 21060800, 344, 930, 3842, 1000, 1, '11B', 344930000000011, 229001099943031008, 4970937722532610048, 6079299740152729600),
('2013-01-11 17:35:00', 4097, 1, 21060800, 344, 930, 3842, 1000, 12, '11B', 344930000000011, 229001099943031008, 4970937722532610048, 6079299740152729600),
('2013-01-11 17:35:00', 4106, 1, 21060800, 344, 930, 3842, 1000, 12, '11B', 344930000000011, 229001099943031008, 4970937722532610048, 6079299740152729600),
('2013-01-11 17:35:00', 4099, NULL, 21060800, 344, 930, 3842, 1000, 0, '11B', 344930000000011, 229001099943031008, 4970937722532610048, 6079299740152729600),
('2013-01-11 17:35:00', 4125, 0, 21060800, 344, 930, 3842, 1000, 25, '11B', 344930000000011, 229001099943031008, 4970937722532610048, 6079299740152729600),
('2013-01-11 17:36:00', 4098, 1, 33000153, 310, 560, 3842, 1000, 1, '11B', 310560000000012, 229001099943031008, 4970937722532610048, 6079299740152729600),
('2013-01-11 17:36:00', 4097, 1, 33000153, 310, 560, 3842, 1000, 9, '11B', 310560000000012, 229001099943031008, 4970937722532610048, 6079299740152729600),
('2013-01-11 17:36:00', 4106, 1, 33000153, 310, 560, 3842, 1000, 12, '11B', 310560000000012, 229001099943031008, 4970937722532610048, 6079299740152729600),
('2013-01-11 17:36:00', 4099, NULL, 33000153, 310, 560, 3842, 1000, 0, '11B', 310560000000012, 229001099943031008, 4970937722532610048, 6079299740152729600),
('2013-01-11 17:36:00', 4125, 0, 33000153, 310, 560, 3842, 1000, 25, '11B', 310560000000012, 229001099943031008, 4970937722532610048, 6079299740152729600),
('2013-01-11 17:37:00', 4098, 1, 33000253, 240, 21, 3842, 1000, 1, '11B', 240210000000013, 229001099943031008, 4970937722532610048, 6079299740152729600),
('2013-01-11 17:37:00', 4097, 1, 33000253, 240, 21, 3842, 1000, 9, '11B', 240210000000013, 229001099943031008, 4970937722532610048, 6079299740152729600),
('2013-01-11 17:37:00', 4106, 1, 33000253, 240, 21, 3842, 1000, 12, '11B', 240210000000013, 229001099943031008, 4970937722532610048, 6079299740152729600),
('2013-01-11 17:37:00', 4099, NULL, 33000253, 240, 21, 3842, 1000, 0, '11B', 240210000000013, 229001099943031008, 4970937722532610048, 6079299740152729600),
('2013-01-11 17:37:00', 4125, 0, 33000253, 240, 21, 3842, 1000, 25, '11B', 240210000000013, 229001099943031008, 4970937722532610048, 6079299740152729600),
('2013-01-11 17:38:00', 4098, 1, 21060800, 344, 930, 3842, 1000, 1, '11B', 344930000000011, 229001099943031008, 4970937722532610048, 6079299740152729600),
('2013-01-11 17:38:00', 4097, 1, 21060800, 344, 930, 3842, 1000, 10, '11B', 344930000000011, 229001099943031008, 4970937722532610048, 6079299740152729600),
('2013-01-11 17:38:00', 4106, 1, 21060800, 344, 930, 3842, 1000, 12, '11B', 344930000000011, 229001099943031008, 4970937722532610048, 6079299740152729600),
('2013-01-11 17:38:00', 4099, NULL, 21060800, 344, 930, 3842, 1000, 0, '11B', 344930000000011, 229001099943031008, 4970937722532610048, 6079299740152729600),
('2013-01-11 17:38:00', 4125, 0, 21060800, 344, 930, 3842, 1000, 25, '11B', 344930000000011, 229001099943031008, 4970937722532610048, 6079299740152729600),
('2013-01-11 17:39:00', 4098, 1, 33000153, 310, 560, 3842, 1000, 1, '11B', 310560000000012, 229001099943031008, 4970937722532610048, 6079299740152729600),
('2013-01-11 17:39:00', 4097, 1, 33000153, 310, 560, 3842, 1000, 13, '11B', 310560000000012, 229001099943031008, 4970937722532610048, 6079299740152729600),
('2013-01-11 17:39:00', 4106, 1, 33000153, 310, 560, 3842, 1000, 12, '11B', 310560000000012, 229001099943031008, 4970937722532610048, 6079299740152729600),
('2013-01-11 17:39:00', 4099, NULL, 33000153, 310, 560, 3842, 1000, 0, '11B', 310560000000012, 229001099943031008, 4970937722532610048, 6079299740152729600),
('2013-01-11 17:39:00', 4125, 0, 33000153, 310, 560, 3842, 1000, 25, '11B', 310560000000012, 229001099943031008, 4970937722532610048, 6079299740152729600),
('2013-01-11 17:35:00', 4098, 1, 33000253, 240, 21, 3842, 1000, 1, '11B', 240210000000013, 229001099943031008, 4970937722532610048, 6079299740152729600),
('2013-01-11 17:35:00', 4097, 1, 33000253, 240, 21, 3842, 1000, 12, '11B', 240210000000013, 229001099943031008, 4970937722532610048, 6079299740152729600),
('2013-01-11 17:35:00', 4106, 1, 33000253, 240, 21, 3842, 1000, 13, '11B', 240210000000013, 229001099943031008, 4970937722532610048, 6079299740152729600),
('2013-01-11 17:35:00', 4099, NULL, 33000253, 240, 21, 3842, 1000, 0, '11B', 240210000000013, 229001099943031008, 4970937722532610048, 6079299740152729600),
('2013-01-11 17:35:00', 4125, 0, 33000253, 240, 21, 3842, 1000, 25, '11B', 240210000000013, 229001099943031008, 4970937722532610048, 6079299740152729600),
('2013-01-11 17:36:00', 4098, 1, 21060800, 344, 930, 3842, 1000, 1, '11B', 344930000000011, 229001099943031008, 4970937722532610048, 6079299740152729600),
('2013-01-11 17:36:00', 4097, 1, 21060800, 344, 930, 3842, 1000, 12, '11B', 344930000000011, 229001099943031008, 4970937722532610048, 6079299740152729600),
('2013-01-11 17:36:00', 4106, 1, 21060800, 344, 930, 3842, 1000, 13, '11B', 344930000000011, 229001099943031008, 4970937722532610048, 6079299740152729600),
('2013-01-11 17:36:00', 4099, NULL, 21060800, 344, 930, 3842, 1000, 0, '11B', 344930000000011, 229001099943031008, 4970937722532610048, 6079299740152729600),
('2013-01-11 17:36:00', 4125, 0, 21060800, 344, 930, 3842, 1000, 25, '11B', 344930000000011, 229001099943031008, 4970937722532610048, 6079299740152729600),
('2013-01-11 17:37:00', 4098, 1, 33000153, 310, 560, 3842, 1000, 1, '11B', 310560000000012, 229001099943031008, 4970937722532610048, 6079299740152729600),
('2013-01-11 17:37:00', 4097, 1, 33000153, 310, 560, 3842, 1000, 12, '11B', 310560000000012, 229001099943031008, 4970937722532610048, 6079299740152729600),
('2013-01-11 17:37:00', 4106, 1, 33000153, 310, 560, 3842, 1000, 13, '11B', 310560000000012, 229001099943031008, 4970937722532610048, 6079299740152729600),
('2013-01-11 17:37:00', 4099, NULL, 33000153, 310, 560, 3842, 1000, 0, '11B', 310560000000012, 229001099943031008, 4970937722532610048, 6079299740152729600),
('2013-01-11 17:37:00', 4125, 0, 33000153, 310, 560, 3842, 1000, 25, '11B', 310560000000012, 229001099943031008, 4970937722532610048, 6079299740152729600),
('2013-01-11 17:38:00', 4098, 1, 33000253, 240, 21, 3842, 1000, 1, '11B', 240210000000013, 229001099943031008, 4970937722532610048, 6079299740152729600),
('2013-01-11 17:38:00', 4097, 1, 33000253, 240, 21, 3842, 1000, 10, '11B', 240210000000013, 229001099943031008, 4970937722532610048, 6079299740152729600),
('2013-01-11 17:38:00', 4106, 1, 33000253, 240, 21, 3842, 1000, 13, '11B', 240210000000013, 229001099943031008, 4970937722532610048, 6079299740152729600),
('2013-01-11 17:38:00', 4099, NULL, 33000253, 240, 21, 3842, 1000, 0, '11B', 240210000000013, 229001099943031008, 4970937722532610048, 6079299740152729600),
('2013-01-11 17:38:00', 4125, 0, 33000253, 240, 21, 3842, 1000, 25, '11B', 240210000000013, 229001099943031008, 4970937722532610048, 6079299740152729600),
('2013-01-11 17:39:00', 4098, 1, 21060800, 344, 930, 3842, 1000, 1, '11B', 344930000000011, 229001099943031008, 4970937722532610048, 6079299740152729600),
('2013-01-11 17:39:00', 4097, 1, 21060800, 344, 930, 3842, 1000, 12, '11B', 344930000000011, 229001099943031008, 4970937722532610048, 6079299740152729600),
('2013-01-11 17:39:00', 4106, 1, 21060800, 344, 930, 3842, 1000, 13, '11B', 344930000000011, 229001099943031008, 4970937722532610048, 6079299740152729600),
('2013-01-11 17:39:00', 4099, NULL, 21060800, 344, 930, 3842, 1000, 0, '11B', 344930000000011, 229001099943031008, 4970937722532610048, 6079299740152729600),
('2013-01-11 17:39:00', 4125, 0, 21060800, 344, 930, 3842, 1000, 25, '11B', 344930000000011, 229001099943031008, 4970937722532610048, 6079299740152729600),
('2013-01-11 17:15:00', 4098, 1, 21060800, 344, 930, 4, 1000, 1, '12A', 344930000000001, 4809532081614990336, 8226896360947470336, 1150444940909479936),
('2013-01-11 17:15:00', 4097, 1, 21060800, 344, 930, 4, 1000, 0, '12A', 344930000000001, 4809532081614990336, 8226896360947470336, 1150444940909479936),
('2013-01-11 17:15:00', 4106, 1, 21060800, 344, 930, 4, 1000, 13, '12A', 344930000000001, 4809532081614990336, 8226896360947470336, 1150444940909479936),
('2013-01-11 17:15:00', 4099, NULL, 21060800, 344, 930, 4, 1000, 0, '12A', 344930000000001, 4809532081614990336, 8226896360947470336, 1150444940909479936),
('2013-01-11 17:15:00', 4125, 2, 21060800, 344, 930, 4, 1000, 25, '12A', 344930000000001, 4809532081614990336, 8226896360947470336, 1150444940909479936),
('2013-01-11 17:16:00', 4098, 1, 33000153, 310, 560, 4, 1000, 1, '12A', 310560000000002, 4809532081614990336, 8226896360947470336, 1150444940909479936),
('2013-01-11 17:16:00', 4097, 1, 33000153, 310, 560, 4, 1000, 0, '12A', 310560000000002, 4809532081614990336, 8226896360947470336, 1150444940909479936),
('2013-01-11 17:16:00', 4106, 1, 33000153, 310, 560, 4, 1000, 13, '12A', 310560000000002, 4809532081614990336, 8226896360947470336, 1150444940909479936),
('2013-01-11 17:16:00', 4099, NULL, 33000153, 310, 560, 4, 1000, 0, '12A', 310560000000002, 4809532081614990336, 8226896360947470336, 1150444940909479936),
('2013-01-11 17:16:00', 4125, 2, 33000153, 310, 560, 4, 1000, 25, '12A', 310560000000002, 4809532081614990336, 8226896360947470336, 1150444940909479936),
('2013-01-11 17:17:00', 4098, 1, 33000253, 240, 21, 4, 1000, 1, '12A', 240210000000003, 4809532081614990336, 8226896360947470336, 1150444940909479936),
('2013-01-11 17:17:00', 4097, 1, 33000253, 240, 21, 4, 1000, 0, '12A', 240210000000003, 4809532081614990336, 8226896360947470336, 1150444940909479936),
('2013-01-11 17:17:00', 4106, 1, 33000253, 240, 21, 4, 1000, 13, '12A', 240210000000003, 4809532081614990336, 8226896360947470336, 1150444940909479936),
('2013-01-11 17:17:00', 4099, NULL, 33000253, 240, 21, 4, 1000, 0, '12A', 240210000000003, 4809532081614990336, 8226896360947470336, 1150444940909479936),
('2013-01-11 17:17:00', 4125, 2, 33000253, 240, 21, 4, 1000, 26, '12A', 240210000000003, 4809532081614990336, 8226896360947470336, 1150444940909479936),
('2013-01-11 17:18:00', 4098, 1, 21060800, 344, 930, 4, 1000, 1, '12A', 344930000000001, 4809532081614990336, 8226896360947470336, 1150444940909479936),
('2013-01-11 17:18:00', 4097, 1, 21060800, 344, 930, 4, 1000, 0, '12A', 344930000000001, 4809532081614990336, 8226896360947470336, 1150444940909479936),
('2013-01-11 17:18:00', 4106, 1, 21060800, 344, 930, 4, 1000, 13, '12A', 344930000000001, 4809532081614990336, 8226896360947470336, 1150444940909479936),
('2013-01-11 17:18:00', 4099, NULL, 21060800, 344, 930, 4, 1000, 0, '12A', 344930000000001, 4809532081614990336, 8226896360947470336, 1150444940909479936),
('2013-01-11 17:18:00', 4125, 2, 21060800, 344, 930, 4, 1000, 26, '12A', 344930000000001, 4809532081614990336, 8226896360947470336, 1150444940909479936),
('2013-01-11 17:19:00', 4098, 1, 33000153, 310, 560, 4, 1000, 1, '12A', 310560000000002, 4809532081614990336, 8226896360947470336, 1150444940909479936),
('2013-01-11 17:19:00', 4097, 1, 33000153, 310, 560, 4, 1000, 0, '12A', 310560000000002, 4809532081614990336, 8226896360947470336, 1150444940909479936),
('2013-01-11 17:19:00', 4106, 1, 33000153, 310, 560, 4, 1000, 13, '12A', 310560000000002, 4809532081614990336, 8226896360947470336, 1150444940909479936),
('2013-01-11 17:19:00', 4099, NULL, 33000153, 310, 560, 4, 1000, 0, '12A', 310560000000002, 4809532081614990336, 8226896360947470336, 1150444940909479936),
('2013-01-11 17:19:00', 4125, 2, 33000153, 310, 560, 4, 1000, 26, '12A', 310560000000002, 4809532081614990336, 8226896360947470336, 1150444940909479936),
('2013-01-11 17:15:00', 4098, 1, 33000253, 240, 21, 4, 1000, 2, '12A', 240210000000003, 4809532081614990336, 8226896360947470336, 1150444940909479936),
('2013-01-11 17:15:00', 4097, 1, 33000253, 240, 21, 4, 1000, 0, '12A', 240210000000003, 4809532081614990336, 8226896360947470336, 1150444940909479936),
('2013-01-11 17:15:00', 4106, 1, 33000253, 240, 21, 4, 1000, 13, '12A', 240210000000003, 4809532081614990336, 8226896360947470336, 1150444940909479936),
('2013-01-11 17:15:00', 4099, NULL, 33000253, 240, 21, 4, 1000, 0, '12A', 240210000000003, 4809532081614990336, 8226896360947470336, 1150444940909479936),
('2013-01-11 17:15:00', 4125, 2, 33000253, 240, 21, 4, 1000, 26, '12A', 240210000000003, 4809532081614990336, 8226896360947470336, 1150444940909479936),
('2013-01-11 17:16:00', 4098, 1, 21060800, 344, 930, 4, 1000, 2, '12A', 344930000000001, 4809532081614990336, 8226896360947470336, 1150444940909479936),
('2013-01-11 17:16:00', 4097, 1, 21060800, 344, 930, 4, 1000, 0, '12A', 344930000000001, 4809532081614990336, 8226896360947470336, 1150444940909479936),
('2013-01-11 17:16:00', 4106, 1, 21060800, 344, 930, 4, 1000, 13, '12A', 344930000000001, 4809532081614990336, 8226896360947470336, 1150444940909479936),
('2013-01-11 17:16:00', 4099, NULL, 21060800, 344, 930, 4, 1000, 0, '12A', 344930000000001, 4809532081614990336, 8226896360947470336, 1150444940909479936),
('2013-01-11 17:16:00', 4125, 2, 21060800, 344, 930, 4, 1000, 26, '12A', 344930000000001, 4809532081614990336, 8226896360947470336, 1150444940909479936),
('2013-01-11 17:17:00', 4098, 1, 33000153, 310, 560, 4, 1000, 2, '12A', 310560000000002, 4809532081614990336, 8226896360947470336, 1150444940909479936),
('2013-01-11 17:17:00', 4097, 1, 33000153, 310, 560, 4, 1000, 0, '12A', 310560000000002, 4809532081614990336, 8226896360947470336, 1150444940909479936),
('2013-01-11 17:17:00', 4106, 1, 33000153, 310, 560, 4, 1000, 13, '12A', 310560000000002, 4809532081614990336, 8226896360947470336, 1150444940909479936),
('2013-01-11 17:17:00', 4099, NULL, 33000153, 310, 560, 4, 1000, 0, '12A', 310560000000002, 4809532081614990336, 8226896360947470336, 1150444940909479936),
('2013-01-11 17:17:00', 4125, 2, 33000153, 310, 560, 4, 1000, 26, '12A', 310560000000002, 4809532081614990336, 8226896360947470336, 1150444940909479936),
('2013-01-11 17:18:00', 4098, 1, 33000253, 240, 21, 4, 1000, 2, '12A', 240210000000003, 4809532081614990336, 8226896360947470336, 1150444940909479936),
('2013-01-11 17:18:00', 4097, 1, 33000253, 240, 21, 4, 1000, 0, '12A', 240210000000003, 4809532081614990336, 8226896360947470336, 1150444940909479936),
('2013-01-11 17:18:00', 4106, 1, 33000253, 240, 21, 4, 1000, 13, '12A', 240210000000003, 4809532081614990336, 8226896360947470336, 1150444940909479936),
('2013-01-11 17:18:00', 4099, NULL, 33000253, 240, 21, 4, 1000, 0, '12A', 240210000000003, 4809532081614990336, 8226896360947470336, 1150444940909479936),
('2013-01-11 17:18:00', 4125, 2, 33000253, 240, 21, 4, 1000, 26, '12A', 240210000000003, 4809532081614990336, 8226896360947470336, 1150444940909479936),
('2013-01-11 17:19:00', 4098, 1, 21060800, 344, 930, 4, 1000, 2, '12A', 344930000000001, 4809532081614990336, 8226896360947470336, 1150444940909479936),
('2013-01-11 17:19:00', 4097, 1, 21060800, 344, 930, 4, 1000, 0, '12A', 344930000000001, 4809532081614990336, 8226896360947470336, 1150444940909479936),
('2013-01-11 17:19:00', 4106, 1, 21060800, 344, 930, 4, 1000, 13, '12A', 344930000000001, 4809532081614990336, 8226896360947470336, 1150444940909479936),
('2013-01-11 17:19:00', 4099, NULL, 21060800, 344, 930, 4, 1000, 0, '12A', 344930000000001, 4809532081614990336, 8226896360947470336, 1150444940909479936),
('2013-01-11 17:19:00', 4125, 2, 21060800, 344, 930, 4, 1000, 26, '12A', 344930000000001, 4809532081614990336, 8226896360947470336, 1150444940909479936),
('2013-01-11 17:20:00', 4098, 1, 21060800, 344, 930, 4, 1000, 2, '12A', 344930000000001, 4809532081614990336, 8226896360947470336, 1150444940909479936),
('2013-01-11 17:20:00', 4097, 1, 21060800, 344, 930, 4, 1000, 0, '12A', 344930000000001, 4809532081614990336, 8226896360947470336, 1150444940909479936),
('2013-01-11 17:20:00', 4106, 1, 21060800, 344, 930, 4, 1000, 13, '12A', 344930000000001, 4809532081614990336, 8226896360947470336, 1150444940909479936),
('2013-01-11 17:20:00', 4099, NULL, 21060800, 344, 930, 4, 1000, 0, '12A', 344930000000001, 4809532081614990336, 8226896360947470336, 1150444940909479936),
('2013-01-11 17:20:00', 4125, 2, 21060800, 344, 930, 4, 1000, 26, '12A', 344930000000001, 4809532081614990336, 8226896360947470336, 1150444940909479936),
('2013-01-11 17:21:00', 4098, 1, 33000153, 310, 560, 4, 1000, 2, '12A', 310560000000002, 4809532081614990336, 8226896360947470336, 1150444940909479936),
('2013-01-11 17:21:00', 4097, 1, 33000153, 310, 560, 4, 1000, 0, '12A', 310560000000002, 4809532081614990336, 8226896360947470336, 1150444940909479936),
('2013-01-11 17:21:00', 4106, 1, 33000153, 310, 560, 4, 1000, 13, '12A', 310560000000002, 4809532081614990336, 8226896360947470336, 1150444940909479936),
('2013-01-11 17:21:00', 4099, NULL, 33000153, 310, 560, 4, 1000, 0, '12A', 310560000000002, 4809532081614990336, 8226896360947470336, 1150444940909479936),
('2013-01-11 17:21:00', 4125, 2, 33000153, 310, 560, 4, 1000, 26, '12A', 310560000000002, 4809532081614990336, 8226896360947470336, 1150444940909479936),
('2013-01-11 17:22:00', 4098, 1, 33000253, 240, 21, 4, 1000, 2, '12A', 240210000000003, 4809532081614990336, 8226896360947470336, 1150444940909479936),
('2013-01-11 17:22:00', 4097, 1, 33000253, 240, 21, 4, 1000, 0, '12A', 240210000000003, 4809532081614990336, 8226896360947470336, 1150444940909479936),
('2013-01-11 17:22:00', 4106, 1, 33000253, 240, 21, 4, 1000, 13, '12A', 240210000000003, 4809532081614990336, 8226896360947470336, 1150444940909479936),
('2013-01-11 17:22:00', 4099, NULL, 33000253, 240, 21, 4, 1000, 0, '12A', 240210000000003, 4809532081614990336, 8226896360947470336, 1150444940909479936),
('2013-01-11 17:22:00', 4125, 2, 33000253, 240, 21, 4, 1000, 26, '12A', 240210000000003, 4809532081614990336, 8226896360947470336, 1150444940909479936),
('2013-01-11 17:23:00', 4098, 1, 21060800, 344, 930, 4, 1000, 2, '12A', 344930000000001, 4809532081614990336, 8226896360947470336, 1150444940909479936),
('2013-01-11 17:23:00', 4097, 1, 21060800, 344, 930, 4, 1000, 0, '12A', 344930000000001, 4809532081614990336, 8226896360947470336, 1150444940909479936),
('2013-01-11 17:23:00', 4106, 1, 21060800, 344, 930, 4, 1000, 13, '12A', 344930000000001, 4809532081614990336, 8226896360947470336, 1150444940909479936),
('2013-01-11 17:23:00', 4099, NULL, 21060800, 344, 930, 4, 1000, 0, '12A', 344930000000001, 4809532081614990336, 8226896360947470336, 1150444940909479936),
('2013-01-11 17:23:00', 4125, 2, 21060800, 344, 930, 4, 1000, 26, '12A', 344930000000001, 4809532081614990336, 8226896360947470336, 1150444940909479936),
('2013-01-11 17:24:00', 4098, 1, 33000153, 310, 560, 4, 1000, 2, '12A', 310560000000002, 4809532081614990336, 8226896360947470336, 1150444940909479936),
('2013-01-11 17:24:00', 4097, 1, 33000153, 310, 560, 4, 1000, 0, '12A', 310560000000002, 4809532081614990336, 8226896360947470336, 1150444940909479936),
('2013-01-11 17:24:00', 4106, 1, 33000153, 310, 560, 4, 1000, 13, '12A', 310560000000002, 4809532081614990336, 8226896360947470336, 1150444940909479936),
('2013-01-11 17:24:00', 4099, NULL, 33000153, 310, 560, 4, 1000, 0, '12A', 310560000000002, 4809532081614990336, 8226896360947470336, 1150444940909479936),
('2013-01-11 17:24:00', 4125, 2, 33000153, 310, 560, 4, 1000, 26, '12A', 310560000000002, 4809532081614990336, 8226896360947470336, 1150444940909479936),
('2013-01-11 17:20:00', 4098, 1, 33000253, 240, 21, 4, 1000, 2, '12A', 240210000000003, 4809532081614990336, 8226896360947470336, 1150444940909479936),
('2013-01-11 17:20:00', 4097, 1, 33000253, 240, 21, 4, 1000, 0, '12A', 240210000000003, 4809532081614990336, 8226896360947470336, 1150444940909479936),
('2013-01-11 17:20:00', 4106, 1, 33000253, 240, 21, 4, 1000, 13, '12A', 240210000000003, 4809532081614990336, 8226896360947470336, 1150444940909479936),
('2013-01-11 17:20:00', 4099, NULL, 33000253, 240, 21, 4, 1000, 0, '12A', 240210000000003, 4809532081614990336, 8226896360947470336, 1150444940909479936),
('2013-01-11 17:20:00', 4125, 2, 33000253, 240, 21, 4, 1000, 26, '12A', 240210000000003, 4809532081614990336, 8226896360947470336, 1150444940909479936),
('2013-01-11 17:21:00', 4098, 1, 21060800, 344, 930, 4, 1000, 2, '12A', 344930000000001, 4809532081614990336, 8226896360947470336, 1150444940909479936),
('2013-01-11 17:21:00', 4097, 1, 21060800, 344, 930, 4, 1000, 0, '12A', 344930000000001, 4809532081614990336, 8226896360947470336, 1150444940909479936),
('2013-01-11 17:21:00', 4106, 1, 21060800, 344, 930, 4, 1000, 13, '12A', 344930000000001, 4809532081614990336, 8226896360947470336, 1150444940909479936),
('2013-01-11 17:21:00', 4099, NULL, 21060800, 344, 930, 4, 1000, 0, '12A', 344930000000001, 4809532081614990336, 8226896360947470336, 1150444940909479936),
('2013-01-11 17:21:00', 4125, 2, 21060800, 344, 930, 4, 1000, 26, '12A', 344930000000001, 4809532081614990336, 8226896360947470336, 1150444940909479936),
('2013-01-11 17:22:00', 4098, 1, 33000153, 310, 560, 4, 1000, 2, '12A', 310560000000002, 4809532081614990336, 8226896360947470336, 1150444940909479936),
('2013-01-11 17:22:00', 4097, 1, 33000153, 310, 560, 4, 1000, 0, '12A', 310560000000002, 4809532081614990336, 8226896360947470336, 1150444940909479936),
('2013-01-11 17:22:00', 4106, 1, 33000153, 310, 560, 4, 1000, 13, '12A', 310560000000002, 4809532081614990336, 8226896360947470336, 1150444940909479936),
('2013-01-11 17:22:00', 4099, NULL, 33000153, 310, 560, 4, 1000, 0, '12A', 310560000000002, 4809532081614990336, 8226896360947470336, 1150444940909479936),
('2013-01-11 17:22:00', 4125, 2, 33000153, 310, 560, 4, 1000, 26, '12A', 310560000000002, 4809532081614990336, 8226896360947470336, 1150444940909479936),
('2013-01-11 17:23:00', 4098, 1, 33000253, 240, 21, 4, 1000, 2, '12A', 240210000000003, 4809532081614990336, 8226896360947470336, 1150444940909479936),
('2013-01-11 17:23:00', 4097, 1, 33000253, 240, 21, 4, 1000, 0, '12A', 240210000000003, 4809532081614990336, 8226896360947470336, 1150444940909479936),
('2013-01-11 17:23:00', 4106, 1, 33000253, 240, 21, 4, 1000, 13, '12A', 240210000000003, 4809532081614990336, 8226896360947470336, 1150444940909479936),
('2013-01-11 17:23:00', 4099, NULL, 33000253, 240, 21, 4, 1000, 0, '12A', 240210000000003, 4809532081614990336, 8226896360947470336, 1150444940909479936),
('2013-01-11 17:23:00', 4125, 2, 33000253, 240, 21, 4, 1000, 26, '12A', 240210000000003, 4809532081614990336, 8226896360947470336, 1150444940909479936),
('2013-01-11 17:24:00', 4098, 1, 21060800, 344, 930, 4, 1000, 2, '12A', 344930000000001, 4809532081614990336, 8226896360947470336, 1150444940909479936),
('2013-01-11 17:24:00', 4097, 1, 21060800, 344, 930, 4, 1000, 0, '12A', 344930000000001, 4809532081614990336, 8226896360947470336, 1150444940909479936),
('2013-01-11 17:24:00', 4106, 1, 21060800, 344, 930, 4, 1000, 13, '12A', 344930000000001, 4809532081614990336, 8226896360947470336, 1150444940909479936),
('2013-01-11 17:24:00', 4099, NULL, 21060800, 344, 930, 4, 1000, 0, '12A', 344930000000001, 4809532081614990336, 8226896360947470336, 1150444940909479936),
('2013-01-11 17:24:00', 4125, 2, 21060800, 344, 930, 4, 1000, 26, '12A', 344930000000001, 4809532081614990336, 8226896360947470336, 1150444940909479936),
('2013-01-11 17:25:00', 4098, 1, 21060800, 344, 930, 4, 1000, 2, '12A', 344930000000001, 4809532081614990336, 8226896360947470336, 1150444940909479936),
('2013-01-11 17:25:00', 4097, 1, 21060800, 344, 930, 4, 1000, 0, '12A', 344930000000001, 4809532081614990336, 8226896360947470336, 1150444940909479936),
('2013-01-11 17:25:00', 4106, 1, 21060800, 344, 930, 4, 1000, 13, '12A', 344930000000001, 4809532081614990336, 8226896360947470336, 1150444940909479936),
('2013-01-11 17:25:00', 4099, NULL, 21060800, 344, 930, 4, 1000, 0, '12A', 344930000000001, 4809532081614990336, 8226896360947470336, 1150444940909479936),
('2013-01-11 17:25:00', 4125, 2, 21060800, 344, 930, 4, 1000, 26, '12A', 344930000000001, 4809532081614990336, 8226896360947470336, 1150444940909479936),
('2013-01-11 17:26:00', 4098, 1, 33000153, 310, 560, 4, 1000, 2, '12A', 310560000000002, 4809532081614990336, 8226896360947470336, 1150444940909479936),
('2013-01-11 17:26:00', 4097, 1, 33000153, 310, 560, 4, 1000, 0, '12A', 310560000000002, 4809532081614990336, 8226896360947470336, 1150444940909479936),
('2013-01-11 17:26:00', 4106, 1, 33000153, 310, 560, 4, 1000, 13, '12A', 310560000000002, 4809532081614990336, 8226896360947470336, 1150444940909479936),
('2013-01-11 17:26:00', 4099, NULL, 33000153, 310, 560, 4, 1000, 0, '12A', 310560000000002, 4809532081614990336, 8226896360947470336, 1150444940909479936),
('2013-01-11 17:26:00', 4125, 2, 33000153, 310, 560, 4, 1000, 26, '12A', 310560000000002, 4809532081614990336, 8226896360947470336, 1150444940909479936),
('2013-01-11 17:27:00', 4098, 1, 33000253, 240, 21, 4, 1000, 2, '12A', 240210000000003, 4809532081614990336, 8226896360947470336, 1150444940909479936),
('2013-01-11 17:27:00', 4097, 1, 33000253, 240, 21, 4, 1000, 0, '12A', 240210000000003, 4809532081614990336, 8226896360947470336, 1150444940909479936),
('2013-01-11 17:27:00', 4106, 1, 33000253, 240, 21, 4, 1000, 13, '12A', 240210000000003, 4809532081614990336, 8226896360947470336, 1150444940909479936),
('2013-01-11 17:27:00', 4099, NULL, 33000253, 240, 21, 4, 1000, 0, '12A', 240210000000003, 4809532081614990336, 8226896360947470336, 1150444940909479936),
('2013-01-11 17:27:00', 4125, 2, 33000253, 240, 21, 4, 1000, 26, '12A', 240210000000003, 4809532081614990336, 8226896360947470336, 1150444940909479936),
('2013-01-11 17:28:00', 4098, 1, 21060800, 344, 930, 4, 1000, 2, '12A', 344930000000001, 4809532081614990336, 8226896360947470336, 1150444940909479936),
('2013-01-11 17:28:00', 4097, 1, 21060800, 344, 930, 4, 1000, 0, '12A', 344930000000001, 4809532081614990336, 8226896360947470336, 1150444940909479936),
('2013-01-11 17:28:00', 4106, 1, 21060800, 344, 930, 4, 1000, 13, '12A', 344930000000001, 4809532081614990336, 8226896360947470336, 1150444940909479936),
('2013-01-11 17:28:00', 4099, NULL, 21060800, 344, 930, 4, 1000, 0, '12A', 344930000000001, 4809532081614990336, 8226896360947470336, 1150444940909479936),
('2013-01-11 17:28:00', 4125, 2, 21060800, 344, 930, 4, 1000, 26, '12A', 344930000000001, 4809532081614990336, 8226896360947470336, 1150444940909479936),
('2013-01-11 17:29:00', 4098, 1, 33000153, 310, 560, 4, 1000, 2, '12A', 310560000000002, 4809532081614990336, 8226896360947470336, 1150444940909479936),
('2013-01-11 17:29:00', 4097, 1, 33000153, 310, 560, 4, 1000, 0, '12A', 310560000000002, 4809532081614990336, 8226896360947470336, 1150444940909479936),
('2013-01-11 17:29:00', 4106, 1, 33000153, 310, 560, 4, 1000, 13, '12A', 310560000000002, 4809532081614990336, 8226896360947470336, 1150444940909479936),
('2013-01-11 17:29:00', 4099, NULL, 33000153, 310, 560, 4, 1000, 0, '12A', 310560000000002, 4809532081614990336, 8226896360947470336, 1150444940909479936),
('2013-01-11 17:29:00', 4125, 2, 33000153, 310, 560, 4, 1000, 26, '12A', 310560000000002, 4809532081614990336, 8226896360947470336, 1150444940909479936),
('2013-01-11 17:25:00', 4098, 1, 33000253, 240, 21, 4, 1000, 2, '12A', 240210000000003, 4809532081614990336, 8226896360947470336, 1150444940909479936),
('2013-01-11 17:25:00', 4097, 1, 33000253, 240, 21, 4, 1000, 0, '12A', 240210000000003, 4809532081614990336, 8226896360947470336, 1150444940909479936),
('2013-01-11 17:25:00', 4106, 1, 33000253, 240, 21, 4, 1000, 13, '12A', 240210000000003, 4809532081614990336, 8226896360947470336, 1150444940909479936),
('2013-01-11 17:25:00', 4099, NULL, 33000253, 240, 21, 4, 1000, 0, '12A', 240210000000003, 4809532081614990336, 8226896360947470336, 1150444940909479936),
('2013-01-11 17:25:00', 4125, 2, 33000253, 240, 21, 4, 1000, 26, '12A', 240210000000003, 4809532081614990336, 8226896360947470336, 1150444940909479936),
('2013-01-11 17:26:00', 4098, 1, 21060800, 344, 930, 4, 1000, 2, '12A', 344930000000001, 4809532081614990336, 8226896360947470336, 1150444940909479936),
('2013-01-11 17:26:00', 4097, 1, 21060800, 344, 930, 4, 1000, 0, '12A', 344930000000001, 4809532081614990336, 8226896360947470336, 1150444940909479936),
('2013-01-11 17:26:00', 4106, 1, 21060800, 344, 930, 4, 1000, 13, '12A', 344930000000001, 4809532081614990336, 8226896360947470336, 1150444940909479936),
('2013-01-11 17:26:00', 4099, NULL, 21060800, 344, 930, 4, 1000, 0, '12A', 344930000000001, 4809532081614990336, 8226896360947470336, 1150444940909479936),
('2013-01-11 17:26:00', 4125, 2, 21060800, 344, 930, 4, 1000, 26, '12A', 344930000000001, 4809532081614990336, 8226896360947470336, 1150444940909479936),
('2013-01-11 17:27:00', 4098, 1, 33000153, 310, 560, 4, 1000, 2, '12A', 310560000000002, 4809532081614990336, 8226896360947470336, 1150444940909479936),
('2013-01-11 17:27:00', 4097, 1, 33000153, 310, 560, 4, 1000, 0, '12A', 310560000000002, 4809532081614990336, 8226896360947470336, 1150444940909479936),
('2013-01-11 17:27:00', 4106, 1, 33000153, 310, 560, 4, 1000, 13, '12A', 310560000000002, 4809532081614990336, 8226896360947470336, 1150444940909479936),
('2013-01-11 17:27:00', 4099, NULL, 33000153, 310, 560, 4, 1000, 0, '12A', 310560000000002, 4809532081614990336, 8226896360947470336, 1150444940909479936),
('2013-01-11 17:27:00', 4125, 2, 33000153, 310, 560, 4, 1000, 26, '12A', 310560000000002, 4809532081614990336, 8226896360947470336, 1150444940909479936),
('2013-01-11 17:28:00', 4098, 1, 33000253, 240, 21, 4, 1000, 2, '12A', 240210000000003, 4809532081614990336, 8226896360947470336, 1150444940909479936),
('2013-01-11 17:28:00', 4097, 1, 33000253, 240, 21, 4, 1000, 0, '12A', 240210000000003, 4809532081614990336, 8226896360947470336, 1150444940909479936),
('2013-01-11 17:28:00', 4106, 1, 33000253, 240, 21, 4, 1000, 13, '12A', 240210000000003, 4809532081614990336, 8226896360947470336, 1150444940909479936),
('2013-01-11 17:28:00', 4099, NULL, 33000253, 240, 21, 4, 1000, 0, '12A', 240210000000003, 4809532081614990336, 8226896360947470336, 1150444940909479936),
('2013-01-11 17:28:00', 4125, 2, 33000253, 240, 21, 4, 1000, 26, '12A', 240210000000003, 4809532081614990336, 8226896360947470336, 1150444940909479936),
('2013-01-11 17:29:00', 4098, 1, 21060800, 344, 930, 4, 1000, 2, '12A', 344930000000001, 4809532081614990336, 8226896360947470336, 1150444940909479936),
('2013-01-11 17:29:00', 4097, 1, 21060800, 344, 930, 4, 1000, 0, '12A', 344930000000001, 4809532081614990336, 8226896360947470336, 1150444940909479936),
('2013-01-11 17:29:00', 4106, 1, 21060800, 344, 930, 4, 1000, 13, '12A', 344930000000001, 4809532081614990336, 8226896360947470336, 1150444940909479936),
('2013-01-11 17:29:00', 4099, NULL, 21060800, 344, 930, 4, 1000, 0, '12A', 344930000000001, 4809532081614990336, 8226896360947470336, 1150444940909479936),
('2013-01-11 17:29:00', 4125, 2, 21060800, 344, 930, 4, 1000, 26, '12A', 344930000000001, 4809532081614990336, 8226896360947470336, 1150444940909479936),
('2013-01-11 17:30:00', 4098, 1, 21060800, 344, 930, 4, 1000, 2, '12A', 344930000000001, 4809532081614990336, 8226896360947470336, 1150444940909479936),
('2013-01-11 17:30:00', 4097, 1, 21060800, 344, 930, 4, 1000, 0, '12A', 344930000000001, 4809532081614990336, 8226896360947470336, 1150444940909479936),
('2013-01-11 17:30:00', 4106, 1, 21060800, 344, 930, 4, 1000, 13, '12A', 344930000000001, 4809532081614990336, 8226896360947470336, 1150444940909479936),
('2013-01-11 17:30:00', 4099, NULL, 21060800, 344, 930, 4, 1000, 0, '12A', 344930000000001, 4809532081614990336, 8226896360947470336, 1150444940909479936),
('2013-01-11 17:30:00', 4125, 2, 21060800, 344, 930, 4, 1000, 26, '12A', 344930000000001, 4809532081614990336, 8226896360947470336, 1150444940909479936),
('2013-01-11 17:31:00', 4098, 1, 33000153, 310, 560, 4, 1000, 2, '12A', 310560000000002, 4809532081614990336, 8226896360947470336, 1150444940909479936),
('2013-01-11 17:31:00', 4097, 1, 33000153, 310, 560, 4, 1000, 0, '12A', 310560000000002, 4809532081614990336, 8226896360947470336, 1150444940909479936),
('2013-01-11 17:31:00', 4106, 1, 33000153, 310, 560, 4, 1000, 13, '12A', 310560000000002, 4809532081614990336, 8226896360947470336, 1150444940909479936),
('2013-01-11 17:31:00', 4099, NULL, 33000153, 310, 560, 4, 1000, 0, '12A', 310560000000002, 4809532081614990336, 8226896360947470336, 1150444940909479936),
('2013-01-11 17:31:00', 4125, 2, 33000153, 310, 560, 4, 1000, 26, '12A', 310560000000002, 4809532081614990336, 8226896360947470336, 1150444940909479936),
('2013-01-11 17:32:00', 4098, 1, 33000253, 240, 21, 4, 1000, 2, '12A', 240210000000003, 4809532081614990336, 8226896360947470336, 1150444940909479936),
('2013-01-11 17:32:00', 4097, 1, 33000253, 240, 21, 4, 1000, 0, '12A', 240210000000003, 4809532081614990336, 8226896360947470336, 1150444940909479936),
('2013-01-11 17:32:00', 4106, 1, 33000253, 240, 21, 4, 1000, 13, '12A', 240210000000003, 4809532081614990336, 8226896360947470336, 1150444940909479936),
('2013-01-11 17:32:00', 4099, NULL, 33000253, 240, 21, 4, 1000, 0, '12A', 240210000000003, 4809532081614990336, 8226896360947470336, 1150444940909479936),
('2013-01-11 17:32:00', 4125, 2, 33000253, 240, 21, 4, 1000, 26, '12A', 240210000000003, 4809532081614990336, 8226896360947470336, 1150444940909479936),
('2013-01-11 17:33:00', 4098, 1, 21060800, 344, 930, 4, 1000, 2, '12A', 344930000000001, 4809532081614990336, 8226896360947470336, 1150444940909479936),
('2013-01-11 17:33:00', 4097, 1, 21060800, 344, 930, 4, 1000, 0, '12A', 344930000000001, 4809532081614990336, 8226896360947470336, 1150444940909479936),
('2013-01-11 17:33:00', 4106, 1, 21060800, 344, 930, 4, 1000, 13, '12A', 344930000000001, 4809532081614990336, 8226896360947470336, 1150444940909479936),
('2013-01-11 17:33:00', 4099, NULL, 21060800, 344, 930, 4, 1000, 0, '12A', 344930000000001, 4809532081614990336, 8226896360947470336, 1150444940909479936),
('2013-01-11 17:33:00', 4125, 2, 21060800, 344, 930, 4, 1000, 26, '12A', 344930000000001, 4809532081614990336, 8226896360947470336, 1150444940909479936),
('2013-01-11 17:34:00', 4098, 1, 33000153, 310, 560, 4, 1000, 2, '12A', 310560000000002, 4809532081614990336, 8226896360947470336, 1150444940909479936),
('2013-01-11 17:34:00', 4097, 1, 33000153, 310, 560, 4, 1000, 0, '12A', 310560000000002, 4809532081614990336, 8226896360947470336, 1150444940909479936),
('2013-01-11 17:34:00', 4106, 1, 33000153, 310, 560, 4, 1000, 13, '12A', 310560000000002, 4809532081614990336, 8226896360947470336, 1150444940909479936),
('2013-01-11 17:34:00', 4099, NULL, 33000153, 310, 560, 4, 1000, 0, '12A', 310560000000002, 4809532081614990336, 8226896360947470336, 1150444940909479936),
('2013-01-11 17:34:00', 4125, 2, 33000153, 310, 560, 4, 1000, 26, '12A', 310560000000002, 4809532081614990336, 8226896360947470336, 1150444940909479936),
('2013-01-11 17:30:00', 4098, 1, 33000253, 240, 21, 4, 1000, 2, '12A', 240210000000003, 4809532081614990336, 8226896360947470336, 1150444940909479936),
('2013-01-11 17:30:00', 4097, 1, 33000253, 240, 21, 4, 1000, 0, '12A', 240210000000003, 4809532081614990336, 8226896360947470336, 1150444940909479936),
('2013-01-11 17:30:00', 4106, 1, 33000253, 240, 21, 4, 1000, 13, '12A', 240210000000003, 4809532081614990336, 8226896360947470336, 1150444940909479936),
('2013-01-11 17:30:00', 4099, NULL, 33000253, 240, 21, 4, 1000, 0, '12A', 240210000000003, 4809532081614990336, 8226896360947470336, 1150444940909479936);
INSERT INTO `sampledata` (`Date/Time`, `Event_Id`, `Failure_Class`, `UE_Type`, `Market`, `Operator`, `Cell_Id`, `Duration`, `Cause_Code`, `NE_Version`, `IMSI`, `HIER3_Id`, `HIER32_Id`, `HIER321_Id`) VALUES
('2013-01-11 17:30:00', 4125, 2, 33000253, 240, 21, 4, 1000, 26, '12A', 240210000000003, 4809532081614990336, 8226896360947470336, 1150444940909479936),
('2013-01-11 17:31:00', 4098, 1, 21060800, 344, 930, 4, 1000, 2, '12A', 344930000000001, 4809532081614990336, 8226896360947470336, 1150444940909479936),
('2013-01-11 17:31:00', 4097, 1, 21060800, 344, 930, 4, 1000, 0, '12A', 344930000000001, 4809532081614990336, 8226896360947470336, 1150444940909479936),
('2013-01-11 17:31:00', 4106, 1, 21060800, 344, 930, 4, 1000, 13, '12A', 344930000000001, 4809532081614990336, 8226896360947470336, 1150444940909479936),
('2013-01-11 17:31:00', 4099, NULL, 21060800, 344, 930, 4, 1000, 0, '12A', 344930000000001, 4809532081614990336, 8226896360947470336, 1150444940909479936),
('2013-01-11 17:31:00', 4125, 2, 21060800, 344, 930, 4, 1000, 26, '12A', 344930000000001, 4809532081614990336, 8226896360947470336, 1150444940909479936),
('2013-01-11 17:32:00', 4098, 1, 33000153, 310, 560, 4, 1000, 2, '12A', 310560000000002, 4809532081614990336, 8226896360947470336, 1150444940909479936),
('2013-01-11 17:32:00', 4097, 1, 33000153, 310, 560, 4, 1000, 0, '12A', 310560000000002, 4809532081614990336, 8226896360947470336, 1150444940909479936),
('2013-01-11 17:32:00', 4106, 1, 33000153, 310, 560, 4, 1000, 14, '12A', 310560000000002, 4809532081614990336, 8226896360947470336, 1150444940909479936),
('2013-01-11 17:32:00', 4099, NULL, 33000153, 310, 560, 4, 1000, 0, '12A', 310560000000002, 4809532081614990336, 8226896360947470336, 1150444940909479936),
('2013-01-11 17:32:00', 4125, 2, 33000153, 310, 560, 4, 1000, 26, '12A', 310560000000002, 4809532081614990336, 8226896360947470336, 1150444940909479936),
('2013-01-11 17:33:00', 4098, 1, 33000253, 240, 21, 4, 1000, 2, '12A', 240210000000003, 4809532081614990336, 8226896360947470336, 1150444940909479936),
('2013-01-11 17:33:00', 4097, 1, 33000253, 240, 21, 4, 1000, 0, '12A', 240210000000003, 4809532081614990336, 8226896360947470336, 1150444940909479936),
('2013-01-11 17:33:00', 4106, 1, 33000253, 240, 21, 4, 1000, 14, '12A', 240210000000003, 4809532081614990336, 8226896360947470336, 1150444940909479936),
('2013-01-11 17:33:00', 4099, NULL, 33000253, 240, 21, 4, 1000, 0, '12A', 240210000000003, 4809532081614990336, 8226896360947470336, 1150444940909479936),
('2013-01-11 17:33:00', 4125, 2, 33000253, 240, 21, 4, 1000, 26, '12A', 240210000000003, 4809532081614990336, 8226896360947470336, 1150444940909479936),
('2013-01-11 17:34:00', 4098, 1, 21060800, 344, 930, 4, 1000, 2, '12A', 344930000000001, 4809532081614990336, 8226896360947470336, 1150444940909479936),
('2013-01-11 17:34:00', 4097, 1, 21060800, 344, 930, 4, 1000, 0, '12A', 344930000000001, 4809532081614990336, 8226896360947470336, 1150444940909479936),
('2013-01-11 17:34:00', 4106, 1, 21060800, 344, 930, 4, 1000, 14, '12A', 344930000000001, 4809532081614990336, 8226896360947470336, 1150444940909479936),
('2013-01-11 17:34:00', 4099, NULL, 21060800, 344, 930, 4, 1000, 0, '12A', 344930000000001, 4809532081614990336, 8226896360947470336, 1150444940909479936),
('2013-01-11 17:34:00', 4125, 2, 21060800, 344, 930, 4, 1000, 27, '12A', 344930000000001, 4809532081614990336, 8226896360947470336, 1150444940909479936);

-- --------------------------------------------------------

--
-- Table structure for table `ue`
--

CREATE TABLE IF NOT EXISTS `ue` (
  `TAC` int(10) NOT NULL,
  `Marketing_Name` varchar(255) NOT NULL,
  `Manufacturer` varchar(255) NOT NULL,
  `Access_Capacity` varchar(255) NOT NULL,
  `Model` varchar(255) NOT NULL,
  `Vendor_Name` varchar(255) NOT NULL,
  `UE_Type` varchar(255) NOT NULL,
  `OS` varchar(255) NOT NULL,
  `Input_Mode` varchar(255) NOT NULL
) ENGINE=InnoDB DEFAULT CHARSET=latin1;

--
-- Dumping data for table `ue`
--

INSERT INTO `ue` (`TAC`, `Marketing_Name`, `Manufacturer`, `Access_Capacity`, `Model`, `Vendor_Name`, `UE_Type`, `OS`, `Input_Mode`) VALUES
(100100, 'G410', 'Mitsubishi', 'GSM 1800, GSM 900', 'G410', 'Mitsubishi', '', '', ''),
(100200, 'A53', 'Siemens', 'GSM 1900, GSM850 (GSM800)', 'A53', 'Siemens', 'HANDHELD', '', 'BASIC'),
(100300, 'TBD (AAB-1880030-BV)', 'Sony Ericsson', 'GSM 1900, GSM850 (GSM800)', 'TBD (AAB-1880030-BV)', 'Sony Ericsson', 'HANDHELD', '', ''),
(100400, 'RM-669', 'Nokia', 'GSM 1900, GSM850 (GSM800)', 'RM-669', 'Nokia', '', '', ''),
(100500, 'M930 NA DB', 'Motorola', 'GSM 1900, GSM850 (GSM800)', 'M930 NA DB', 'Motorola', 'HANDHELD', '', ''),
(100600, 'EBX700', 'Panasonic', 'GSM 1800, GSM 1900, GSM 900', 'EBX700', 'Panasonic', '', '', ''),
(100700, 'Test IMEI', 'Sagem', 'GSM 1900', 'Test IMEI', 'Sagem', '', '', ''),
(100800, 'TCD718', 'Philips', 'GSM 1900', 'TCD718', 'Philips', '', '', ''),
(100900, 'Test IMEI', 'Sony', 'GSM 1900', 'Test IMEI', 'Sony', '', '', ''),
(101000, 'Test IMEI', 'Casio Hitachi Mobile Communications', 'GSM 1900', 'Test IMEI', 'Casio Hitachi Mobile Communications', '', '', ''),
(101300, 'LMU', 'Nortel', 'GSM 1900', 'LMU', 'Nortel', '', '', ''),
(101500, 'GX-28', 'Sharp', 'GSM 1800, GSM 1900, GSM850 (GSM800)', 'GX-28', 'Sharp', 'HANDHELD', '', ''),
(101600, 'ALCATEL OT-807A', 'TCT Mobile Suzhou Limited', 'GSM 1900, GSM850 (GSM800)', 'ALCATEL OT-807A', 'TCT Mobile Suzhou Limited', '', '', ''),
(101700, 'Wireless CPU Q2687', 'Wavecom', 'GSM 1800, GSM 1900, GSM 900, GSM850 (GSM800)', 'Wireless CPU Q2687', 'Wavecom', 'M2M', '', ''),
(101710, 'WMO2-g1900', 'Wavecom', 'GSM 1900', 'WMO2-g1900', 'Wavecom', 'M2M', '', ''),
(101800, 'Ovation MC547', 'Novatel Wireless', 'GSM 1800, GSM 1900, GSM 900, GSM850 (GSM800), WCDMA FDD Band I, WCDMA FDD Band II, WCDMA FDD Band V', 'Ovation MC547', 'Novatel Wireless', 'PC', '', ''),
(102000, 'RAP40GW', 'RIM', 'GSM 1800, GSM 900', 'RAP40GW', 'RIM', 'HANDHELD', 'BLACKBERRY', 'QWERTY'),
(102100, 'MX-5010', 'Shintom Co. Ltd', 'GSM 1800, GSM 1900, GSM 900', 'MX-5010', 'Shintom Co. Ltd', '', '', ''),
(102200, 'Zoarmon', 'Intel', 'GSM 1800, GSM 1900, GSM 900, GSM850 (GSM800)', 'Zoarmon', 'Intel', '', '', ''),
(102300, 'SGH-t829', 'Samsung', 'GSM 1800, GSM 1900, GSM 900, GSM850 (GSM800)', 'SGH-t829', 'Samsung', 'HANDHELD', '', ''),
(102400, 'Telguard 5 (TG5)', 'Telular Corp', 'GSM 1900, GSM850 (GSM800)', 'Telguard 5 (TG5)', 'Telular Corp', '', '', ''),
(102500, 'Fizgig', 'Option NV', 'GSM 1800, GSM 1900, GSM 900', 'Fizgig', 'Option NV', '', '', ''),
(102600, 'KMP6J1S1-6', 'NEC', 'GSM 1800, GSM 1900, GSM 900', 'KMP6J1S1-6', 'NEC', '', '', ''),
(102700, 'USB316', 'Sierra Wireless', 'GSM 1800, GSM 1900, GSM 900, GSM850 (GSM800), WCDMA FDD Band I, WCDMA FDD Band II', 'USB316', 'Sierra Wireless', 'PC', '', ''),
(102800, 'U1', 'Danger Inc.', 'GSM 1800, GSM 1900, GSM 900, GSM850 (GSM800)', 'U1', 'Danger Inc.', '', '', ''),
(102900, 'Ferry', 'Quanta Computer', 'GSM 1900', 'Ferry', 'Quanta Computer', '', '', ''),
(103000, '700C', 'Intermec Technologies Corp.', 'GSM 1800, GSM 1900, GSM 900', '700C', 'Intermec Technologies Corp.', '', '', ''),
(103100, 'K1', 'Sendo Ltd', 'GSM 1900, GSM850 (GSM800)', 'K1', 'Sendo Ltd', '', '', ''),
(103200, '7525 Workabout pro', 'Psion Teklogix Inc.', 'GSM 1800, GSM 1900, GSM 900', '7525 Workabout pro', 'Psion Teklogix Inc.', '', '', ''),
(103300, 'Benefon Track Box', 'benefon oyj', 'GSM 1900, GSM 900', 'Benefon Track Box', 'benefon oyj', '', '', ''),
(103500, 'AD600', 'LG', 'GSM 1800, GSM 1900, GSM 900, GSM850 (GSM800), WCDMA FDD Band I, WCDMA FDD Band II, WCDMA FDD Band V', 'AD600', 'LG', 'HANDHELD', '', ''),
(103600, 'GSM5108', 'Enfora', 'GPRS', 'GSM5108', 'Enfora', 'M2M', '', ''),
(103700, 'TM3000-C ATD', 'Trimble', 'GSM 1800, GSM 1900, GSM 900, GSM850 (GSM800)', 'TM3000-C ATD', 'Trimble', '', '', ''),
(103800, 'G1000', 'Sanyo', 'GSM 1800, GSM 1900, GSM 900', 'G1000', 'Sanyo', '', '', ''),
(103900, 'AGM 1100', 'Accetio, Inc.', 'GSM 1800, GSM 1900, GSM 900', 'AGM 1100', 'Accetio, Inc.', '', '', ''),
(104100, 'ITH155/MGH900', 'Mirae Comm Co Ltd', 'GSM 1800, GSM 1900, GSM 900', 'ITH155/MGH900', 'Mirae Comm Co Ltd', '', '', ''),
(104200, 'CF-29/CF-18/CF-73/CF-P1', 'Matsushita', 'GSM 1800, GSM 1900, GSM850 (GSM800)', 'CF-29/CF-18/CF-73/CF-P1', 'Matsushita', '', '', ''),
(104400, 'H6xxx', 'Compal Com.inc', 'GSM 1800, GSM 1900, GSM 900, GSM850 (GSM800)', 'H6xxx', 'Compal Com.inc', '', '', ''),
(104500, 'Artema Mobile Secure GPRS', 'Thales e-Transactions GmbH', 'GSM 1900, GSM850 (GSM800)', 'Artema Mobile Secure GPRS', 'Thales e-Transactions GmbH', '', '', ''),
(104600, 'TS34', 'Toshiba', 'GSM 1800, GSM 900', 'TS34', 'Toshiba', '', '', ''),
(104700, 'PLD', 'PowerLOC Technologies Inc.', 'GSM 1900, GSM850 (GSM800)', 'PLD', 'PowerLOC Technologies Inc.', '', '', ''),
(104800, '1000-1146', 'Arbitron', 'GSM 1800, GSM 900', '1000-1146', 'Arbitron', '', '', ''),
(105000, 'GU-1000', 'Curitel Communications. Inc.', 'GSM 1800, GSM 1900, GSM 900', 'GU-1000', 'Curitel Communications. Inc.', '', '', ''),
(105200, 'VK530', 'VK Corporation', 'GSM 1900, GSM850 (GSM800)', 'VK530', 'VK Corporation', '', '', ''),
(105300, 'BM3-891G GPRS OEM Modem', 'Wavenet Technology', 'GPRS', 'BM3-891G GPRS OEM Modem', 'Wavenet Technology', 'M2M', '', ''),
(105400, 'P7', 'Qingdao Haier Telecom', 'GSM 1800, GSM 1900, GSM 900', 'P7', 'Qingdao Haier Telecom', '', '', ''),
(105500, 'PLD100 series', 'Destinator Technologies', 'GSM 1800, GSM 1900, GSM 900, GSM850 (GSM800)', 'PLD100 series', 'Destinator Technologies', '', '', ''),
(105600, 'Jembi', 'Psitek', 'GSM 1900, GSM850 (GSM800)', 'Jembi', 'Psitek', '', '', ''),
(105700, 'U-300', 'Telian', 'GSM 1800, GSM 1900, GSM 900', 'U-300', 'Telian', '', '', ''),
(105900, 'DM1000G', 'Waxess Inc', 'GSM 1900, GSM850 (GSM800)', 'DM1000G', 'Waxess Inc', '', '', ''),
(106200, 'SM5100B', 'Spreadtrum', 'GSM 1900, GSM850 (GSM800)', 'SM5100B', 'Spreadtrum', 'M2M', '', ''),
(106400, 'Debussy', 'CMCS', 'GSM 1800, GSM 1900, GSM 900, GSM850 (GSM800)', 'Debussy', 'CMCS', '', '', ''),
(106500, 'GX820', 'CalAmp', 'GSM 1900, GSM850 (GSM800)', 'GX820', 'CalAmp', '', '', ''),
(106600, 'WRTU54G', 'Cisco Systems', 'GSM 1800, GSM 900', 'WRTU54G', 'Cisco Systems', '', '', ''),
(106700, 'whereQube201', 'Geometris', 'GSM 1800, GSM 1900, GSM850 (GSM800)', 'whereQube201', 'Geometris', '', '', ''),
(106900, 'R100', 'Firefly Mobile', 'GSM 1900, GSM850 (GSM800)', 'R100', 'Firefly Mobile', '', '', ''),
(107100, 'Dolphin 9900', 'Handheld Products, Inc d/b/a HHP', 'GSM 1800, GSM 1900, GSM 900, GSM850 (GSM800)', 'Dolphin 9900', 'Handheld Products, Inc d/b/a HHP', '', '', ''),
(107200, 'Test IMEI', 'Apple', 'GSM 1800, GSM 1900, GSM 900, GSM850 (GSM800)', 'Test IMEI', 'Apple', '', 'IOS', 'TOUCH_SCREEN'),
(107400, 'Nurit 8020', 'VeriFone', 'GSM 1800, GSM 1900, GSM 900, GSM850 (GSM800)', 'Nurit 8020', 'VeriFone', '', '', ''),
(107600, 'SN-LSb-02', 'Savi Networks', 'GSM 1800, GSM 1900, GSM 900, GSM850 (GSM800), WCDMA FDD Band I, WCDMA FDD Band II, WCDMA FDD Band V', 'SN-LSb-02', 'Savi Networks', '', '', ''),
(107700, 'IMM6071-M01', 'InterDigital', 'GSM 1800, GSM 1900, GSM 900, GSM850 (GSM800), WCDMA FDD Band I, WCDMA FDD Band II, WCDMA FDD Band IV, WCDMA FDD Band V', 'IMM6071-M01', 'InterDigital', '', '', ''),
(107800, '247910', 'Garmin International', 'GSM 1800, GSM 1900, GSM 900, GSM850 (GSM800)', '247910', 'Garmin International', '', '', ''),
(107900, 'Machine Gateway', 'Phoenix International', 'GSM 1800, GSM 1900, GSM 900, GSM850 (GSM800)', 'Machine Gateway', 'Phoenix International', '', '', ''),
(108000, 'XP3300-AR1 (P25C005AA)', 'Sonim Technologies', 'GSM 1800, GSM 1900, GSM 900, GSM850 (GSM800)', 'XP3300-AR1 (P25C005AA)', 'Sonim Technologies', '', '', ''),
(108100, 'TSN-1.1', 'Elektrobit Inc', 'GSM 1800, GSM 1900, GSM 900, GSM850 (GSM800), WCDMA FDD Band II, WCDMA FDD Band V', 'TSN-1.1', 'Elektrobit Inc', '', '', ''),
(108200, 'Dolphin 10K', 'Honeywell', 'GSM 1800, GSM 1900, GSM 900, GSM850 (GSM800), WCDMA FDD Band I, WCDMA FDD Band II, WCDMA FDD Band V', 'Dolphin 10K', 'Honeywell', '', '', ''),
(108300, 'WWH9010', 'Askey Computer Corp', 'GSM 1800, GSM 1900, GSM 900, GSM850 (GSM800), WCDMA FDD Band I, WCDMA FDD Band II, WCDMA FDD Band V', 'WWH9010', 'Askey Computer Corp', '', '', ''),
(108400, 'Gobi3000', 'Qualcomm', 'GSM 1800, GSM 1900, GSM 900, GSM850 (GSM800), WCDMA FDD Band I, WCDMA FDD Band II, WCDMA FDD Band IV, WCDMA FDD Band V, WCDMA FDD Band VIII', 'Gobi3000', 'Qualcomm', 'PC', '', ''),
(116000, 'Test IMEI', 'Omnipoint', 'GSM 1900', 'Test IMEI', 'Omnipoint', '', '', ''),
(21060800, 'VEA3', 'S.A.R.L. B  & B International', 'GSM 1800, GSM 900', 'VEA3', 'S.A.R.L. B  & B International', '', '', ''),
(33000153, '9109 PA', 'Alcatel Radiotelephone (LAVAL)', 'GSM 900', '9109 PA', 'Alcatel Radiotelephone (LAVAL)', '', '', ''),
(33000253, 'Dirland Miniphone', 'Alcatel Radiotelephone (LAVAL)', 'GSM 900', 'Dirland Miniphone', 'Alcatel Radiotelephone (LAVAL)', '', '', ''),
(33000353, '9109PA', 'Alcatel Radiotelephone', 'GSM 900', '9109PA', 'Alcatel Radiotelephone', '', '', ''),
(33000453, 'Lisa 9030 Type 9109H', 'Alcatel Radiotelephone (LAVAL)', 'GSM 900', 'Lisa 9030 Type 9109H', 'Alcatel Radiotelephone (LAVAL)', '', '', ''),
(33000553, 'Dirland Mobiphone', 'Alcatel Radiotelephone (LAVAL)', 'GSM 900', 'Dirland Mobiphone', 'Alcatel Radiotelephone (LAVAL)', '', '', ''),
(33000635, 'Mitsubishi GSM MT-1000F02A', 'Mitsubishi Electric France', 'GSM 900', 'Mitsubishi GSM MT-1000F02A', 'Mitsubishi Electric France', '', '', ''),
(33000753, 'Audiovox Type GSM 510', 'Alcatel Radiotelephone (LAVAL)', 'GSM 900', 'Audiovox Type GSM 510', 'Alcatel Radiotelephone (LAVAL)', '', '', ''),
(33000853, 'Dirland Type Miniphone III', 'Alcatel Radiotelephone (LAVAL)', 'GSM 900', 'Dirland Type Miniphone III', 'Alcatel Radiotelephone (LAVAL)', '', '', ''),
(33000953, 'GSM 510 Type Audiovox HB 160', 'Alcatel Radiotelephone (LAVAL)', 'GSM 900', 'GSM 510 Type Audiovox HB 160', 'Alcatel Radiotelephone (LAVAL)', '', '', ''),
(33001053, 'Vodafone VN 2121', 'Alcatel Radiotelephone (LAVAL)', 'GSM 900', 'Vodafone VN 2121', 'Alcatel Radiotelephone (LAVAL)', '', '', ''),
(33001195, 'Sagem Type G 14', 'Sagem', 'GSM 900', 'Sagem Type G 14', 'Sagem', '', '', ''),
(33001235, 'RC410/430 Type G14-1', 'Sagem', 'GSM 900', 'RC410/430 Type G14-1', 'Sagem', '', '', ''),
(33001295, 'RC410/430 Type G14-1', 'Sagem', 'GSM 900', 'RC410/430 Type G14-1', 'Sagem', '', '', ''),
(33001453, 'Pocketline Tango Type NPTT HC 400', 'Alcatel Radiotelephone (LAVAL)', 'GSM 900', 'Pocketline Tango Type NPTT HC 400', 'Alcatel Radiotelephone (LAVAL)', '', '', ''),
(33001553, 'Alcatel Airtel HC 600 Type Airtel HC 600', 'Alcatel Radiotelephone (LAVAL)', 'GSM 900', 'Alcatel Airtel HC 600 Type Airtel HC 600', 'Alcatel Radiotelephone (LAVAL)', '', '', ''),
(33001635, 'Affinity/Affinity 930 Type G14-S', 'Sagem', 'GSM 900', 'Affinity/Affinity 930 Type G14-S', 'Sagem', '', '', ''),
(33001695, 'Affinity/Affinity 930 Type G14-S', 'Sagem', 'GSM 900', 'Affinity/Affinity 930 Type G14-S', 'Sagem', '', '', ''),
(33001735, 'Mitsubishi GSM MT 20 Type MT 1171FD2', 'Mitsubishi Electric France', 'GSM 900', 'Mitsubishi GSM MT 20 Type MT 1171FD2', 'Mitsubishi Electric France', '', '', ''),
(33001835, 'Mitsubishi GSM MT 10 Type MT 1176F02', 'Mitsubishi Electric France', 'GSM 900', 'Mitsubishi GSM MT 10 Type MT 1176F02', 'Mitsubishi Electric France', '', '', ''),
(33001953, 'Alcatel 9100 Type 9109 HC 500', 'Alcatel Radiotelephone (LAVAL)', 'GSM 900', 'Alcatel 9100 Type 9109 HC 500', 'Alcatel Radiotelephone (LAVAL)', '', '', ''),
(33002053, 'Alcatel 9100 Type 9109 HC 800', 'Alcatel Radiotelephone (LAVAL)', 'GSM 900', 'Alcatel 9100 Type 9109 HC 800', 'Alcatel Radiotelephone (LAVAL)', '', '', ''),
(33002135, 'Detewe CP-ONE Type G14.1', 'Sagem', 'GSM 900', 'Detewe CP-ONE Type G14.1', 'Sagem', '', '', ''),
(33002195, 'Detewe CP-ONE Type G14.1', 'Sagem', 'GSM 900', 'Detewe CP-ONE Type G14.1', 'Sagem', '', '', ''),
(33002235, 'RM 833-/S/R Type G14-S', 'Sagem', 'GSM 900', 'RM 833-/S/R Type G14-S', 'Sagem', '', '', ''),
(33002295, 'RM 833-/S/R Type G14-S', 'Sagem', 'GSM 900', 'RM 833-/S/R Type G14-S', 'Sagem', '', '', ''),
(33002353, 'Alcatel Movistar HC 100 Type Telefonica HC 1000', 'Alcatel Radiotelephone (LAVAL)', 'GSM 900', 'Alcatel Movistar HC 100 Type Telefonica HC 1000', 'Alcatel Radiotelephone (LAVAL)', '', '', ''),
(33002499, 'SGH 200', 'Samsung', 'GSM 900', 'SGH 200', 'Samsung', 'HANDHELD', '', ''),
(33002535, 'Mitsubishi GSM MT11 Type MT 1177 F02A', 'Mitsubishi Electric France', 'GSM 900', 'Mitsubishi GSM MT11 Type MT 1177 F02A', 'Mitsubishi Electric France', '', '', ''),
(33002635, 'Mitsubishi GSM MT20 D Type MT 1172 F02A', 'Mitsubishi Electric France', 'GSM 900', 'Mitsubishi GSM MT20 D Type MT 1172 F02A', 'Mitsubishi Electric France', '', '', '');

/*!40101 SET CHARACTER_SET_CLIENT=@OLD_CHARACTER_SET_CLIENT */;
/*!40101 SET CHARACTER_SET_RESULTS=@OLD_CHARACTER_SET_RESULTS */;
/*!40101 SET COLLATION_CONNECTION=@OLD_COLLATION_CONNECTION */;
